ticket_id,ticket_label,ticket_description,category,priority,final_priority_score,ticket_action,is_redundant,software,clinic_service,created_at,created_by
TIC-0719,Phishing email successfully compromised a clinic scheduling assistant account.,The user entered their credentials into a fake webmail portal. We need an urgent password reset and audit.,Security,Critical,7500,À Traiter (Actif),False,MailSec,Outpatient Clinic,2026-02-26 18:30:00,User_051
TIC-0559,Public guest wireless network gateway page redirects to a malicious advertisement.,"Instead of the hospital terms of service, visitors are seeing popup warnings about infected computers. The guest wifi portal has definitely been compromised. Shut it down immediately for investigation.",Security,Critical,7500,À Traiter (Actif),False,GuestAd,Reception,2026-02-25 02:30:00,User_076
TIC-0765,ICU bedside monitor USB ports are not administratively disabled.,Anyone can plug a flash drive into the patient monitor and potentially inject malware into the clinical network.,Security,High,7000,À Traiter (Actif),False,USBLock,ICU,2026-02-27 06:00:00,User_088
TIC-0849,Neurology department secure email portal compromised by a phishing attack.,A physician's account is actively sending out thousands of spam emails. We must disable their active directory profile.,Security,Critical,7000,À Traiter (Actif),False,EmailSpam,Neurology,2026-02-28 03:00:00,User_015
TIC-1058,Guest wireless network captive portal compromised by malicious adware.,Visitors attempting to accept the terms of service are redirected to spam websites. Clean the gateway server entirely.,Security,High,7000,À Traiter (Actif),False,GuestAV,Reception,2026-03-02 07:15:00,User_019
TIC-0657,Pathology network drive infected with rapidly spreading macro virus.,A contaminated Word document has encrypted dozens of autopsy reports on the shared department folder.,Security,Critical,7000,À Traiter (Actif),False,MacroScan,Pathology,2026-02-26 03:00:00,User_049
TIC-1537,Lobby computer infected with an aggressive browser hijacker.,Good morning. Random popups are flooding the screen and the homepage was altered maliciously. We need an immediate antivirus wipe conducted.,Security,Critical,7000,À Traiter (Actif),False,LeakDetect,Dialysis,2026-03-06 17:00:00,User_076
TIC-0934,Front desk check in kiosk infected with adware malware.,The touch screen is displaying unauthorized internet popups over the registration software. We must wipe this machine immediately.,Security,High,7000,À Traiter (Actif),False,KioskAV,Admissions,2026-03-01 00:15:00,User_082
TIC-0706,Operating room computer infected by a malicious macro virus.,"The circulating nurse opened a compromised spreadsheet. The antivirus quarantined the file, but we require a system scan.",Security,Critical,7000,À Traiter (Actif),False,WinProtect,Surgery,2026-02-26 15:15:00,User_071
TIC-0729,Malware detected on the oncology clinical trial data server.,"Antivirus software neutralized a trojan, but we must verify if any proprietary research data was exfiltrated offsite successfully.",Security,Critical,7000,À Traiter (Actif),False,ServerAV,Oncology,2026-02-26 21:00:00,User_055
TIC-1157,Front desk visitor registration computer infected with nasty adware.,"Good morning, random advertising popups are covering the medical software. The machine requires an aggressive antivirus sweep and wipe.",Security,Critical,7000,À Traiter (Actif),False,DHCPFail,Dialysis,2026-03-03 08:00:00,User_049
TIC-0601,Unauthorized USB drive inserted into triage vital monitor.,Antivirus flagged a rogue USB stick plugged into the main triage machine. Isolate it immediately.,Security,Critical,7000,À Traiter (Actif),False,TriageOS,ER,2026-02-25 13:00:00,User_042
TIC-1031,Admissions clerk terminal infected with aggressive browser hijack malware.,The computer redirects all internet searches to malicious advertising sites. We must wipe the hard drive completely today.,Security,High,7000,À Traiter (Actif),False,AVScan,Admissions,2026-03-02 00:30:00,User_093
TIC-0435,A suspicious keylogger program was discovered running on the main admissions computer.,"The antivirus caught it, but we don't know how long it was recording patient social security numbers. Isolate this terminal and dispatch the security team immediately.",Security,Critical,7000,À Traiter (Actif),False,WinDefender,Admissions,2026-02-23 19:30:00,User_049
TIC-0620,Phishing link clicked by a junior cardiology nurse.,The nurse submitted her active directory credentials to a fake hospital HR website. Reset password.,Security,High,7000,À Traiter (Actif),False,MailFilter,Cardiology,2026-02-25 17:45:00,User_014
TIC-0639,Pacemaker programming tablet connecting to suspicious external servers.,The clinical tablet is sending encrypted payloads to a known malware command and control IP.,Security,Critical,7000,À Traiter (Actif),False,TabletSec,Cardiology,2026-02-25 22:30:00,User_099
TIC-1437,Insurance verification clerk clicked a suspicious email phishing link.,"Hi IT, she entered her domain credentials into a fake website. Please isolate her machine and reset passwords.",Security,High,7000,À Traiter (Actif),False,SpinLatch,Lab,2026-03-05 06:45:00,User_021
TIC-0740,Echocardiogram workstation affected by a known software vulnerability patch.,The vendor released a critical security update for the imaging software that has not been deployed here yet.,Security,High,5500,À Traiter (Actif),False,EchoPatch,Cardiology,2026-02-26 23:45:00,User_027
TIC-0907,Electrocardiogram analysis server lacks a valid digital security certificate.,Browsers block cardiologists from reviewing urgent heart rhythms because the secure sockets layer certificate expired yesterday completely.,Security,Critical,5500,À Traiter (Actif),False,ECGServe,Cardiology,2026-02-28 17:30:00,User_055
TIC-0589,Infant security tag system fails to trigger the lockdown doors during drills.,"We simulated an abduction, and the tag successfully set off the alarms, but the software failed to send the signal to magnetically lock the exit doors. Fix the integration.",Security,Critical,5500,À Traiter (Actif),False,TagDoor,Maternity,2026-02-25 10:00:00,User_004
TIC-1176,Infant abduction alarm system triggers completely false positive alerts.,"Hello IT, the sensors are too sensitive and lock down the ward when a baby is just sleeping peacefully.",Security,High,5500,À Traiter (Actif),False,SQLInject,Physiotherapy,2026-03-03 12:45:00,User_034
TIC-0602,Repeated failed login attempts on narcotics vault console.,Someone is attempting to brute-force the secure medication safe. Please lock down the pharmacy terminal.,Security,Critical,5500,À Traiter (Actif),False,VaultSec,Pharmacy,2026-02-25 13:15:00,User_015
TIC-0627,Unauthorized script attempting to scrape the admissions database.,We are seeing automated queries trying to download thousands of patient demographic records at once.,Security,Critical,5500,À Traiter (Actif),False,DBGuard,Admissions,2026-02-25 19:30:00,User_015
TIC-0429,Intensive care family update portal is displaying information for the wrong patients.,A family logged in and saw terminal cancer updates instead of their recovering son's progress. This is a catastrophic privacy breach. Shut the portal down today.,Security,Critical,5500,À Traiter (Actif),False,FamilyConnect,ICU,2026-02-23 18:00:00,User_055
TIC-0675,Dialysis machine maintenance logs show unauthorized firmware rollbacks.,"Someone downgraded the operating system on three machines to an older, insecure software version overnight.",Security,Critical,5500,À Traiter (Actif),False,FirmwareOS,Dialysis,2026-02-26 07:30:00,User_093
TIC-0613,Rogue wireless access point detected near the warehouse.,Someone plugged an unauthorized router into the stockroom ethernet switch. Track it down and disable.,Security,High,5500,À Traiter (Actif),False,NetScan,Stock,2026-02-25 16:00:00,User_049
TIC-1189,Pharmacist verification dashboard hides urgent stat orders from view.,"Dear IT, the sorting logic is broken. Critical intensive care medications are buried at the bottom of the queue.",Security,Critical,5500,À Traiter (Actif),False,EmailSpam,Neurology,2026-03-03 16:00:00,User_004
TIC-1487,Patient entertainment tablet bypassed to access restricted internal subnets.,"Hi IT, a clever patient exited the kiosk mode and is pinging hospital servers. Lock the devices down.",Security,Critical,5500,À Traiter (Actif),False,HearEncrypt,Maternity,2026-03-05 19:15:00,User_084
TIC-1452,Chemotherapy mixing protocol documents shared on a public drive.,"Hi IT, highly sensitive pharmaceutical formulations are visible to the entire hospital. Lock the folder down to pharmacy.",Security,Critical,5500,À Traiter (Actif),False,AlarmHack,Pediatrics,2026-03-05 10:30:00,User_073
TIC-0839,Pathology department digital slide archive exposed to the internet.,The web portal displaying sensitive biopsy results is accessible without any login credentials. Take the site down now.,Security,Critical,5500,À Traiter (Actif),False,WebArchive,Pathology,2026-02-28 00:30:00,User_099
TIC-1271,Warehouse inventory database allows anonymous unauthenticated record deletion entirely.,"Hello team, anyone navigating to the internal webpage can erase our supply totals. Lock this down immediately please.",Security,Medium,5500,À Traiter (Actif),False,AlarmSens,Pediatrics,2026-03-04 12:30:00,User_015
TIC-0785,ICU ventilator software update server communicating over unencrypted connection.,"The machines are downloading firmware patches via plain HTTP, which could allow a malicious actor to inject corrupted code.",Security,Critical,5500,À Traiter (Actif),False,HTTPFirm,ICU,2026-02-27 11:00:00,User_051
TIC-0788,Neurology stroke alert application failing to authenticate against the server.,"The mobile app on the doctors' phones is rejecting their passwords, preventing them from receiving urgent patient arrival notifications.",Security,High,5500,À Traiter (Actif),False,AppAuth,Neurology,2026-02-27 11:45:00,User_031
TIC-0465,Kitchen food ordering portal allows unauthorized staff to purchase expensive bulk ingredients.,A ward clerk accidentally ordered two hundred pounds of premium steak because the software lacks proper role-based access controls. Lock down purchasing permissions to kitchen managers only.,Security,High,5500,À Traiter (Actif),False,FoodOrder,Kitchen,2026-02-24 03:00:00,User_088
TIC-1738,Demographic database allows unauthorized digital exports of patient lists.,"Hi IT, any standard user can download the entire hospital registry. We must restrict digital data exporting immediately please.",Security,Critical,5500,À Traiter (Actif),False,DemogExport,Admissions,2026-03-10 20:00:00,User_067
TIC-0832,Reception lobby public computers infected with unauthorized browser extensions.,Someone installed malicious search toolbars on the visitor terminals. Wipe the machines and lock the browser settings.,Security,Medium,5000,À Traiter (Actif),False,BrowserSec,Reception,2026-02-27 22:45:00,User_034
TIC-1317,Main reception lost and found database exposes user passwords.,"Dear IT, a vulnerability allows volunteers to see administrator credentials in plaintext. Secure this web application right away.",Security,Critical,5000,À Traiter (Actif),False,MixMath,Pharmacy,2026-03-05 00:00:00,User_099
TIC-1689,Dialysis department secure wireless network allows unauthorized guest access.,"Good morning, the wifi password was leaked. Unauthorized mobile devices are consuming the digital bandwidth required for medical monitoring.",Security,High,5000,À Traiter (Actif),False,DialyWifi,Dialysis,2026-03-11 08:45:00,User_027
TIC-1698,Autopsy report secure web portal fails SSL certificate validation.,"Hi IT, the browser blocks access due to expired digital certificates. We cannot securely upload the sensitive medical findings.",Security,High,5000,À Traiter (Actif),False,AutoSSL,Pathology,2026-03-11 11:00:00,User_015
TIC-0823,Surgery sterile core entry doors remain permanently unlocked today.,"The magnetic locks failed open, allowing anyone to wander into the restricted sterile supply corridors without swiping.",Security,Critical,5000,À Traiter (Actif),False,MagLock,Surgery,2026-02-27 20:30:00,User_004
TIC-0820,Outpatient clinic waiting room television displays unauthorized internet content.,The smart screen bypassed our web filters and is showing inappropriate advertising. Unplug the device from ethernet.,Security,High,5000,À Traiter (Actif),False,SmartTV,Outpatient Clinic,2026-02-27 19:45:00,User_014
TIC-1674,Stockroom management portal exposes user credentials to the intranet.,"Good morning, the web application lacks basic encryption. Internal users can intercept the digital passwords via basic packet sniffing.",Security,Critical,5000,À Traiter (Actif),False,StockSniff,Stock,2026-03-11 05:00:00,User_023
TIC-1713,Echocardiogram digital archiving server vulnerable to SQL injection attacks.,"Hi team, the search bar on the web portal allows arbitrary code execution. Please sanitize the database query inputs.",Security,Critical,5000,À Traiter (Actif),False,EchoArch,Cardiology,2026-03-10 13:45:00,User_012
TIC-1708,Emergency department digital whiteboard web interface lacks basic encryption.,"Hi IT, the local website uses HTTP instead of HTTPS. Anyone on the network can intercept patient data easily.",Security,Critical,5000,À Traiter (Actif),False,BoardWeb,ER,2026-03-10 12:30:00,User_088
TIC-0498,Patient portal messaging system is sending replies to the wrong patient accounts.,"A doctor replied to a question about diabetes, and the message was sent to a patient asking about a sprained ankle. This is a massive privacy failure.",Security,Critical,5000,À Traiter (Actif),False,PortalChat,Outpatient Clinic,2026-02-24 11:15:00,User_034
TIC-0794,Car park automated ticket machine infected with a coin mining script.,The processor in the kiosk is running at maximum capacity because a malicious script is mining cryptocurrency in the background.,Security,Medium,5000,À Traiter (Actif),False,CoinMiner,Car park,2026-02-27 13:15:00,User_071
TIC-0797,Maternity ward infant tracking server communicating over an unencrypted port.,The ankle bracelet locations are being transmitted across the hospital network in plain text. We must force SSL encryption immediately.,Security,Critical,5000,À Traiter (Actif),False,ClearPort,Maternity,2026-02-27 14:00:00,User_093
TIC-1658,Pediatric ward guest wireless network lacks content filtering completely.,"Hi IT, the proxy restrictions failed. Children using the clinical tablets can access highly inappropriate digital content without restriction.",Security,High,5000,À Traiter (Actif),False,PediGuest,Pediatrics,2026-03-11 01:00:00,User_093
TIC-0791,Reception area public announcement system accessible via default web credentials.,The amplifier control panel is on the network and still uses 'admin' as the password. Anyone could broadcast messages.,Security,High,5000,À Traiter (Actif),False,PAAdmin,Reception,2026-02-27 12:30:00,User_023
TIC-0782,Surgical scheduling database exposed via misconfigured internal network routing.,Staff on the guest wifi can navigate to the local IP address and see the entire daily surgery schedule.,Security,Critical,5000,À Traiter (Actif),False,RouteLeak,Surgery,2026-02-27 10:15:00,User_008
TIC-1108,Operating room guest wifi password leaked on social media.,"Greetings, someone posted our secure surgical network credentials online. We need to reset the access key immediately for safety.",Security,High,5000,À Traiter (Actif),False,SpinSafe,Lab,2026-03-02 19:45:00,User_012
TIC-0811,Pediatric ward infant security bracelets unlatch without triggering alarms.,The physical clasps are defective on the new batch of tags. Babies could be moved without alerting us.,Security,Critical,5000,À Traiter (Actif),False,BabyTag,Pediatrics,2026-02-27 17:30:00,User_067
TIC-0459,Public guest wifi network requires a password that nobody was ever given.,Families in the waiting room are very frustrated because the free network suddenly has a WPA2 lock on it. Remove the password requirement from the guest routers.,Security,Low,5000,À Traiter (Actif),False,GuestWifi,Reception,2026-02-24 01:30:00,User_076
TIC-1003,Unencrypted cardiac telemetry data intercepted on the guest network.,Live heartbeat streams are visible to anyone in the waiting room. Reconfigure the virtual local area network separation.,Security,Critical,5000,À Traiter (Actif),False,TeleNet,Cardiology,2026-03-01 17:30:00,User_088
TIC-1085,Patient entertainment tablets lack adequate internet content filtering restrictions.,The devices allow patients to access inappropriate websites during their four hour treatment sessions. We must enforce policies.,Security,Medium,5000,À Traiter (Actif),False,TabFilter,Dialysis,2026-03-02 14:00:00,User_051
TIC-1078,Patient exercise tutorial videos hosted on unsecured public servers.,"The cloud storage bucket lacks proper authentication, allowing anyone on the internet to view the private clinical recordings.",Security,High,5000,À Traiter (Actif),False,VidSecure,Physiotherapy,2026-03-02 12:15:00,User_082
TIC-1024,Unencrypted diagnostic images discovered residing on public shared drives.,A technician accidentally exported sensitive ultrasound videos to an open network folder. Delete the files and restrict access.,Security,Critical,5000,À Traiter (Actif),False,RadShare,Radiology,2026-03-01 22:45:00,User_062
TIC-0454,Toy playroom interactive smart display is showing inappropriate advertisements from the internet.,The content filter has completely failed. The screen intended for cartoons is displaying adult-targeted web ads. Unplug the screen and fix the firewall rules right now.,Security,High,5000,À Traiter (Actif),False,SmartPlay,Pediatrics,2026-02-24 00:15:00,User_034
TIC-0807,Admissions portal exposes patient social security numbers in plaintext.,The intake web form lacks masking for sensitive identification numbers. This is a severe data privacy violation.,Security,Critical,5000,À Traiter (Actif),False,IntakeWeb,Admissions,2026-02-27 16:30:00,User_055
TIC-1341,Physiotherapy cryotherapy freezing chamber software bypasses the safety timers.,"Greetings, the cooling cycle ignored the automatic shutoff command. This software bug could cause severe patient frostbite injuries.",Security,Critical,5000,À Traiter (Actif),False,BrainLeak,Neurology,2026-03-05 06:00:00,User_051
TIC-1312,Admissions lobby automatic umbrella dispensing kiosk jams constantly today.,"Hi there, the mechanical delivery system is broken. Arriving patients cannot purchase rain gear from the smart terminal.",Security,Critical,5000,À Traiter (Actif),False,SurgiWeb,Surgery,2026-03-04 22:45:00,User_082
TIC-1326,Emergency room live translator tablet cannot reach external servers.,"Hi there, the video interpretation app drops the network connection. We cannot communicate with our non English speakers.",Security,High,5000,À Traiter (Actif),False,TabWipe,ICU,2026-03-05 02:15:00,User_042
TIC-0862,Cardiology patient monitoring telemetry system is vulnerable to spoofing attacks.,We discovered that a rogue device can broadcast fake heart rates to the central station without encryption checks.,Security,Critical,5000,À Traiter (Actif),False,SpoofFix,Cardiology,2026-02-28 06:15:00,User_027
TIC-0854,Warehouse inventory database allows unauthenticated deletion of incoming purchase orders.,Anyone on the local network can open the application and delete supply records without logging in. Secure it.,Security,Critical,5000,À Traiter (Actif),False,POAuth,Stock,2026-02-28 04:15:00,User_034
TIC-1273,Supply chain auditor denied read access to financial records.,"Greetings, the external accountant needs their temporary profile updated. They must verify our medical inventory valuations today completely.",Security,Critical,5000,À Traiter (Actif),False,DietAdmin,Kitchen,2026-03-04 13:00:00,User_055
TIC-0883,Surgical department medication dispensing cabinet lacks a physical security camera.,"There is a complete blind spot over the narcotics vault, meaning we have no visual audit trail available.",Security,Medium,5000,À Traiter (Actif),False,CamBlind,Surgery,2026-02-28 11:30:00,User_099
TIC-1649,Neurology department shared network folder exposes sensitive clinical trials.,"Good morning, the directory permissions were accidentally set to public. Protect this highly confidential digital research data immediately please.",Security,Critical,5000,À Traiter (Actif),False,NeuroShare,Neurology,2026-03-10 22:45:00,User_031
TIC-1643,Microbiology digital culture tracking application vulnerable to script injection.,"Hi team, the web portal allows malicious javascript in the notes field. Secure the application against cross site scripting.",Security,Critical,5000,À Traiter (Actif),False,CultureXSS,Lab,2026-03-10 21:15:00,User_008
TIC-1628,Radiology department guest network allows access to internal subnets.,"Hi IT, the virtual local area network isolation failed. Public users can digitally ping the highly secure imaging servers.",Security,Critical,5000,À Traiter (Actif),False,RadGuest,Radiology,2026-03-10 17:30:00,User_004
TIC-1625,Narcotic vault digital access logs transmitted without any encryption.,"Dear IT, the audit trails are sent over the network in plaintext. We must enforce secure digital transmission protocols.",Security,Critical,5000,À Traiter (Actif),False,VaultLog,Pharmacy,2026-03-10 16:45:00,User_014
TIC-1620,Surgical department secure cloud storage exposed to public internet.,"Dear team, the digital folder containing sensitive operative videos lacks password protection. Secure the cloud access permissions immediately please.",Security,Critical,5000,À Traiter (Actif),False,CloudSurg,Surgery,2026-03-10 15:30:00,User_076
TIC-0474,Car park security camera video feed server is completely offline and unreachable.,We have zero surveillance in the dark underground levels. This is a massive liability if an assault or theft occurs. Bring the video management server back online.,Security,High,5000,À Traiter (Actif),False,CamServer,Car park,2026-02-24 05:15:00,User_012
TIC-1683,Patient home exercise video portal lacks secure HTTPS encryption.,"Hi team, the digital tutorials are streamed over plain text connections. Secure the web server to protect clinical privacy.",Security,High,5000,À Traiter (Actif),False,VidHTTP,Physiotherapy,2026-03-11 07:15:00,User_082
TIC-1793,Maternity ward infant tracking database allows unauthenticated web access.,"Hi team, a firewall error exposed the digital dashboard. Anyone on the hospital network can view the baby locations.",Security,Critical,5000,À Traiter (Actif),False,BabyDB,Maternity,2026-03-11 09:45:00,User_031
TIC-1045,Unencrypted patient brain scans transmitted over the public internet.,The remote diagnostic software failed to establish a secure tunnel. We must enforce strict encryption for all transfers.,Security,Critical,5000,À Traiter (Actif),False,ScanEncrypt,Neurology,2026-03-02 04:00:00,User_004
TIC-1769,Dietary purchasing portal transmits vendor passwords in plain text.,"Good morning, the digital connection lacks secure encryption. We must implement secure sockets layer protocols for the external orders.",Security,Critical,5000,À Traiter (Actif),False,DietSec,Kitchen,2026-03-11 03:45:00,User_014
TIC-1052,Infant abduction alarm system override code publicly visible nearby.,A staff member wrote the master disable pin on a sticky note attached to the monitor. Remove it.,Security,Critical,5000,À Traiter (Actif),False,AlarmPin,Pediatrics,2026-03-02 05:45:00,User_012
TIC-1132,Admissions insurance verification server connection times out every minute.,"Hello, the external gateway is dropping packets constantly. We cannot confirm patient financial coverage before they enter the wards.",Security,Medium,5000,À Traiter (Actif),False,BrowserSec,Reception,2026-03-03 01:45:00,User_034
TIC-1139,Warehouse forklift mounted inventory tablets drop all wireless signals.,"Hello, the metal storage racks are blocking the wifi antennas entirely. The logistics team cannot scan the incoming pallets.",Security,Critical,5000,À Traiter (Actif),False,WebArchive,Pathology,2026-03-03 03:30:00,User_099
TIC-0964,Kitchen inventory database locked by an unauthorized remote user.,Someone accessed the dietary supply system and changed the administrator password. We cannot order food for tomorrow entirely.,Security,Critical,5000,À Traiter (Actif),False,DietLock,Kitchen,2026-03-01 07:45:00,User_014
TIC-0969,Supply chain database exposed via unencrypted open network port.,The backend server is accepting plain text queries from anyone on the guest network. Close the firewall port.,Security,Critical,5000,À Traiter (Actif),False,StockPort,Stock,2026-03-01 09:00:00,User_023
TIC-0974,Security camera video server in the basement completely offline.,We have zero surveillance coverage in the dark underground parking levels. This is a massive physical security liability.,Security,Critical,5000,À Traiter (Actif),False,BasementCam,Car park,2026-03-01 10:15:00,User_012
TIC-1562,Dialysis central monitoring dashboard completely loses network connection.,Good morning. The ethernet switch dropped all packets. The nursing desk is entirely blind to the patient blood pressure trends currently.,Security,Critical,5000,À Traiter (Actif),False,StentDB,Cardiology,2026-03-06 23:15:00,User_027
TIC-0753,Rogue laptop discovered plugged directly into the stockroom ethernet.,An unidentified device bypassed the wireless authentication and is hardwired into the network. Security must investigate its origin.,Security,High,5000,À Traiter (Actif),False,RogueNet,Stock,2026-02-27 03:00:00,User_093
TIC-0754,Car park boom gate control box lacks physical tamper protection.,"The electronic control panel is unlocked, allowing anyone to manually trip the relay and open the exit gate.",Security,Medium,5000,À Traiter (Actif),False,BoxLock,Car park,2026-02-27 03:15:00,User_034
TIC-1259,Locum pediatrician denied permission to prescribe liquid narcotic pain medications.,"Good morning, the temporary doctor lacks the elevated database rights required to dispense the necessary infant pain relief.",Security,Critical,5000,À Traiter (Actif),False,SlideLeak,Pathology,2026-03-04 09:30:00,User_076
TIC-1266,Patient meal tracker application ignores severe dairy allergy alerts.,"Hello team, the system printed a milk ticket for a highly allergic patient. This software bug is lethal.",Security,High,5000,À Traiter (Actif),False,OSPatch,ICU,2026-03-04 11:15:00,User_031
TIC-0869,Neurology department shared folder permissions accidentally granted to everyone globally.,All staff members can now read highly sensitive clinical trial data regarding dementia patients. Restrict the folder immediately.,Security,Critical,5000,À Traiter (Actif),False,FolderLeak,Neurology,2026-02-28 08:00:00,User_023
TIC-0875,Car park automated ticket machine connects to an unencrypted network.,The credit card transaction data is traversing a public-facing network segment without any VPN tunnel. Secure it immediately.,Security,Critical,5000,À Traiter (Actif),False,ClearNet,Car park,2026-02-28 09:30:00,User_093
TIC-0876,Physiotherapy digital exercise prescription tool vulnerable to SQL injection attacks.,A user can manipulate the database queries directly through the patient search bar on the web portal frontend.,Security,High,5000,À Traiter (Actif),False,SQLInject,Physiotherapy,2026-02-28 09:45:00,User_034
TIC-0758,Unauthorized software installed on the pathology dictation workstation computer.,A doctor bypassed security policies and installed a third-party audio editing tool. We must remove this unapproved application.,Security,Medium,5000,À Traiter (Actif),False,AppPolicy,Pathology,2026-02-27 04:15:00,User_019
TIC-0761,ER waiting room public wifi network allows access to the intranet.,"The guest network isolation failed, allowing visitors to ping internal hospital servers. This is a massive network vulnerability.",Security,Critical,5000,À Traiter (Actif),False,WifiIsolate,ER,2026-02-27 05:00:00,User_099
TIC-0768,Neurology telemedicine cart fails to establish a secure VPN tunnel.,The remote consultation cannot begin because the cart's encryption handshake with the firewall fails consistently. Check the keys.,Security,High,5000,À Traiter (Actif),False,VPNHand,Neurology,2026-02-27 06:45:00,User_062
TIC-1107,Cardiology department shared drive locked for all new fellows.,"Hi team, our newly hired fellows cannot open the research folders. They are receiving a restricted permission denial message.",Security,Critical,5000,À Traiter (Actif),False,IntakeWeb,Admissions,2026-03-02 19:30:00,User_055
TIC-0769,Oncology patient portal lacks multi-factor authentication for password resets.,"Patients can reset their passwords using only a birthdate, making the accounts highly vulnerable to social engineering attacks.",Security,High,5000,À Traiter (Actif),False,MFASetup,Oncology,2026-02-27 07:00:00,User_023
TIC-0772,Dietary automated ordering system communicating over unencrypted HTTP port.,The software is transmitting vendor passwords in plain text over the internet. Change the configuration to use HTTPS immediately.,Security,High,5000,À Traiter (Actif),False,HTTPClear,Kitchen,2026-02-27 07:45:00,User_071
TIC-0774,Car park payment server fails to authenticate to the bank gateway.,"The SSL handshake with the credit card processor is failing, causing all parking exit payments to be declined immediately.",Security,Critical,5000,À Traiter (Actif),False,SSLBank,Car park,2026-02-27 08:15:00,User_012
TIC-0777,Maternity ward infant tracking server vulnerable to brute force login.,"The application does not lock accounts after multiple failed attempts, allowing attackers to guess passwords indefinitely. Implement rate limiting.",Security,Critical,5000,À Traiter (Actif),False,RateLimit,Maternity,2026-02-27 09:00:00,User_067
TIC-1010,Rogue administrator account created on the fast track terminal.,An unknown profile with full privileges appeared overnight on the triage computer. Disable this account and investigate immediately.,Security,Critical,5000,À Traiter (Actif),False,WinAdmin,ER,2026-03-01 19:15:00,User_034
TIC-1092,Voice dictation audio files accessible via public network share.,Anyone connected to the hospital network can listen to highly sensitive autopsy reports. Secure the shared folder immediately.,Security,Critical,5000,À Traiter (Actif),False,DictateSec,Pathology,2026-03-02 15:45:00,User_042
TIC-1098,Telehealth video conferencing software lacks required end-to-end encryption protocols.,The remote consultations are vulnerable to network packet sniffing. We must enforce strict security standards for these calls.,Security,Critical,5000,À Traiter (Actif),False,TeleSec,Outpatient Clinic,2026-03-02 17:15:00,User_034
TIC-0814,Warehouse inventory scanners transmit data over unsecured radio frequencies.,The legacy barcode guns broadcast our supply levels without any encryption protocols. Upgrade their firmware today please.,Security,Medium,5000,À Traiter (Actif),False,ScanRF,Stock,2026-02-27 18:15:00,User_019
TIC-0994,Autopsy report database allows unauthenticated access from the lobby.,A severe firewall misconfiguration exposed the highly sensitive web portal to the public guest wireless network. Block it.,Security,Critical,5000,À Traiter (Actif),False,AutopsyDB,Pathology,2026-03-01 15:15:00,User_071
TIC-1231,Intensive care visitor registration tablet stolen from the front desk.,"Hello IT, the iPad was taken. Please issue a remote wipe command to protect any stored data immediately.",Security,Critical,5000,À Traiter (Actif),False,DoorPIN,Pediatrics,2026-03-04 02:30:00,User_093
TIC-0890,Oncology secure patient portal lacks robust password complexity requirements entirely.,Users can create accounts with a simple three-letter password. This violates healthcare data protection laws completely. Enforce complexity.,Security,High,5000,À Traiter (Actif),False,PassComplex,Oncology,2026-02-28 13:15:00,User_062
TIC-0726,Patient financial records viewed by an unauthorized internal computer.,A terminal in the maintenance department was used to query the billing database. This is a severe breach.,Security,Critical,5000,À Traiter (Actif),False,AuditTrail,Admissions,2026-02-26 20:15:00,User_042
TIC-0737,Nursery monitoring cameras accessed from an unknown external IP.,We detected a login to the infant camera system from a location outside the hospital network. Kill connections.,Security,Critical,5000,À Traiter (Actif),False,BabyCam,Maternity,2026-02-26 23:00:00,User_076
TIC-0745,Clear text passwords found in the ICU patient dashboard source code.,A developer accidentally hardcoded service account credentials into the frontend javascript file. We need to scrub the code.,Security,Critical,5000,À Traiter (Actif),False,CodeScrub,ICU,2026-02-27 01:00:00,User_004
TIC-0749,Oncology prescription portal login page lacks HTTPS encryption protocol.,The web browser shows a warning that the site is not secure. This violates data protection regulations entirely.,Security,Critical,5000,À Traiter (Actif),False,SSLConfig,Oncology,2026-02-27 02:00:00,User_015
TIC-0915,Unencrypted surgical schedule found circulating on the guest wifi.,A network misconfiguration is broadcasting the daily operation list to the public waiting room routers. Fix immediately.,Security,Critical,5000,À Traiter (Actif),False,SurgiNet,Surgery,2026-02-28 19:30:00,User_076
TIC-0975,Parking validation web portal lacks secure HTTPS encryption protocols.,Patient payment data is being transmitted in plain text across the internet. Force SSL certificates on the server.,Security,High,5000,À Traiter (Actif),False,ParkWeb,Car park,2026-03-01 10:30:00,User_093
TIC-0979,Physiotherapy scheduling database vulnerable to basic SQL injection attacks.,A simple quote mark in the search bar exposes the entire patient appointment list. Patch the web portal.,Security,High,5000,À Traiter (Actif),False,PhysioSQL,Physiotherapy,2026-03-01 11:30:00,User_049
TIC-1149,Night shift pharmacist denied access to the narcotic vault.,"Hi team, the biometric scanner does not recognize his fingerprint anymore. He cannot retrieve the emergency pain relief medications.",Security,Critical,5000,À Traiter (Actif),False,EmailSpam,Neurology,2026-03-03 06:00:00,User_015
TIC-0949,Cancer registry database allows unauthenticated remote network directory browsing.,Anyone on the guest wifi can view the folder structure containing highly sensitive national tumor reporting text files.,Security,Critical,5000,À Traiter (Actif),False,RegDirectory,Oncology,2026-03-01 04:00:00,User_015
TIC-0953,Ward playroom smart television locked on an adult channel.,"The parental control software failed, and the remote control is unresponsive. We unplugged the television to protect children.",Security,High,5000,À Traiter (Actif),False,PlayTV,Pediatrics,2026-03-01 05:00:00,User_093
TIC-0959,Hospital directory touchscreen kiosk infected with a cryptocurrency miner.,The machine is running extremely hot and slow because a malicious script hijacked the processor over the internet.,Security,High,5000,À Traiter (Actif),False,DirKiosk,Reception,2026-03-01 06:30:00,User_076
TIC-0679,Cardiology patient records modified by an unrecognized system account.,A service account deleted three echocardiogram reports. We need to audit this account's access privileges.,Security,High,5000,À Traiter (Actif),False,AuditLog,Cardiology,2026-02-26 08:30:00,User_049
TIC-0676,Maternity infant wristbands printed with QR codes linking externally.,Scanning the baby's band redirects to a broken internet advertising link instead of the internal chart.,Security,High,5000,À Traiter (Actif),False,QRPrint,Maternity,2026-02-26 07:45:00,User_034
TIC-0677,Pathology dictation audio files accessible via unauthenticated network share.,Anyone on the hospital wifi can listen to doctors narrating sensitive autopsy and biopsy reports.,Security,Critical,5000,À Traiter (Actif),False,AudioShare,Pathology,2026-02-26 08:00:00,User_067
TIC-1516,Infant ward secure doors secured with factory passwords.,"Dear IT, anyone typing the default one two three four code can open the perimeter barrier. Change the keypad digits immediately.",Security,Critical,5000,À Traiter (Actif),False,WaxHeat,Physiotherapy,2026-03-06 11:45:00,User_008
TIC-1481,Student therapist denied access to the digital exercise database.,"Hello IT, his new profile lacks the required application permissions. He cannot assign rehabilitation routines to his patients.",Security,High,5000,À Traiter (Actif),False,TabLock,Dialysis,2026-03-05 17:45:00,User_003
TIC-1512,Patient registration portal wipes emergency contact details automatically.,Good morning. The intake software drops the next of kin phone numbers every single time we hit the final submit button.,Security,High,5000,À Traiter (Actif),False,LostFound,Reception,2026-03-06 10:45:00,User_082
TIC-0678,Outpatient clinic telehealth app requesting unnecessary microphone permissions constantly.,The mobile application keeps turning on the user's microphone even when not in a consultation.,Security,Medium,5000,À Traiter (Actif),False,TelePerm,Outpatient Clinic,2026-02-26 08:15:00,User_082
TIC-1210,Unattended nursing workstation left logged into patient charts.,"Dear IT, an unlocked computer in the hallway exposes highly sensitive trauma histories. Please enforce strict timeouts.",Security,Critical,5000,À Traiter (Actif),False,ChemoAuth,Oncology,2026-03-03 21:15:00,User_034
TIC-1217,Operating room digital schedule accessible without password prompt.,"Good morning, anyone can navigate to the web address and view the patient surgery list entirely unencrypted completely.",Security,Critical,5000,À Traiter (Actif),False,DialySec,Dialysis,2026-03-03 23:00:00,User_099
TIC-1381,Physiotherapy rehabilitation treadmill speed controller ignores the tablet commands.,"Hello, sliding the digital speed bar does nothing to the physical motor. This software disconnect is highly dangerous.",Security,High,5000,À Traiter (Actif),False,TabLock,Dialysis,2026-03-05 16:00:00,User_076
TIC-1387,Cardiology external defibrillator pad scanner refuses to authenticate inventory.,"Dear IT, the barcode reader is dead. We cannot digitally verify the expiration dates of the shock pads.",Security,Critical,5000,À Traiter (Actif),False,HearEncrypt,Maternity,2026-03-05 17:30:00,User_088
TIC-0716,Patient dialysis machine accessed by an unknown generic account.,Audit logs show somebody logged into the blood filtration controller using a factory default administrator password. Secure it.,Security,Critical,5000,À Traiter (Actif),False,DialyLog,Dialysis,2026-02-26 17:45:00,User_008
TIC-1224,Prescription label printer throws a fatal thermal head exception.,"Greetings, the machine refuses to print any barcode stickers. We cannot dispatch medications to the wards today.",Security,Critical,5000,À Traiter (Actif),False,PharmAPI,Pharmacy,2026-03-04 00:45:00,User_062
TIC-1352,Admissions patient wristband printer injects random special character symbols.,"Dear IT, the driver software is corrupting the output. The barcodes are completely unreadable by the clinical scanners.",Security,Critical,5000,À Traiter (Actif),False,AlarmHack,Pediatrics,2026-03-05 08:45:00,User_012
TIC-0703,Unencrypted patient imaging files found on the public server.,A folder containing sensitive ultrasound pictures was inadvertently shared outside the protected firewall. Please secure this directory immediately.,Security,Critical,5000,À Traiter (Actif),False,RadShare,Radiology,2026-02-26 14:30:00,User_088
TIC-1375,Oncology lead apron radio frequency tracking portal is locked.,"Hi there, the administrator password expired prematurely. We cannot digitally audit the protective radiation gear for the staff.",Security,Critical,5000,À Traiter (Actif),False,ParkEncrypt,Car park,2026-03-05 14:30:00,User_093
TIC-0713,Unauthorized device detected scanning the warehouse inventory database ports.,The intrusion detection system flagged a rogue laptop attempting to pull the entire supply chain spreadsheet. Isolate it.,Security,High,5000,À Traiter (Actif),False,PortScan,Stock,2026-02-26 17:00:00,User_049
TIC-1495,Newborn hearing screening tablet displays a fatal hardware fault.,"Dear team, the diagnostic device crashed to a black screen. We cannot perform the mandatory tests before discharge.",Security,Critical,5000,À Traiter (Actif),False,AutopsyWeb,Pathology,2026-03-05 21:15:00,User_083
TIC-1558,Dietary management server accessible via unencrypted open port.,Hi IT. Anyone on the local network can browse the patient food allergy database without a password. Secure this firewall gap.,Security,Medium,5000,À Traiter (Actif),False,ClampTrack,Maternity,2026-03-06 22:15:00,User_019
TIC-1530,Technician generic password written publicly on whiteboard.,"Hello team. Staff are bypassing secure individual logins by sharing a single profile, completely destroying our ability to audit viewing history.",Security,High,5000,À Traiter (Actif),False,BadgeRead,Oncology,2026-03-06 15:15:00,User_012
TIC-1573,Ransomware demand text file discovered on laboratory server.,Hi there. A highly suspicious file appeared on the shared drive demanding cryptocurrency. Disconnect the pathology network from the main grid.,Security,Low,5000,À Traiter (Actif),False,SoapNet,Kitchen,2026-03-07 02:00:00,User_055
TIC-1238,Admissions desk computer infected with a cryptocurrency mining script.,"Greetings, the fan is screaming and the processor is maxed out. Isolate and wipe this infected terminal immediately.",Security,Critical,5000,À Traiter (Actif),False,BabyPing,Maternity,2026-03-04 04:15:00,User_008
TIC-0897,Dialysis central water purification system vulnerable to remote network access.,The interface panel is exposed to the local network without a password. Anyone could alter the water mix.,Security,Critical,5000,À Traiter (Actif),False,WaterAccess,Dialysis,2026-02-28 15:00:00,User_093
TIC-0734,Unencrypted security camera feed accessible from the public internet.,The parking garage cameras are streaming without any password protection on an open port. Secure the firewall immediately.,Security,Critical,5000,À Traiter (Actif),False,CamStream,Car park,2026-02-26 22:15:00,User_082
TIC-1114,Neurologist locked out of regional stroke patient data registry.,"Hi team, the external portal rejects my credentials completely. I cannot upload the required clinical trial statistics this afternoon.",Security,Medium,5000,À Traiter (Actif),False,ScanRF,Stock,2026-03-02 21:15:00,User_019
TIC-0658,Outpatient appointment reminders sent via unencrypted SMS containing diagnoses.,The automated texting service is including sensitive medical conditions in plain text mobile phone messages.,Security,High,5000,À Traiter (Actif),False,TextAPI,Outpatient Clinic,2026-02-26 03:15:00,User_019
TIC-0659,Cardiology echo machine running outdated and unsupported Windows 7.,The ultrasound cart operating system has massive unpatched vulnerabilities and needs an immediate network isolation.,Security,High,5000,À Traiter (Actif),False,WinLegacy,Cardiology,2026-02-26 03:30:00,User_076
TIC-0628,SSL certificate expired on the patient blood results portal.,Browsers are blocking patients from viewing their lab results due to an invalid security certificate.,Security,High,5000,À Traiter (Actif),False,CertManager,Lab,2026-02-25 19:45:00,User_071
TIC-0570,Forklift charging station management application allows unauthorized usage of the equipment.,"The digital lock on the heavy machinery is bypassing the required user badge swipe completely. Anyone can currently drive the forklifts, which is a massive workplace safety violation entirely.",Security,Critical,5000,À Traiter (Actif),False,ForkLock,Stock,2026-02-25 05:15:00,User_042
TIC-1492,Electronic birth certificate system auto corrects names into dictionaries.,"Hi team, the application maliciously changes unique names into common words. This ruins the official government legal documents.",Security,Medium,5000,À Traiter (Actif),False,DictateDrop,Pathology,2026-03-05 20:30:00,User_038
TIC-1162,Dialysis machine patient weight tracker resets to zero randomly.,"Hello IT, the software loses the initial baseline weight mid-treatment. We cannot accurately calculate the necessary fluid removal amounts.",Security,Critical,5000,À Traiter (Actif),False,SpoofFix,Cardiology,2026-03-03 09:15:00,User_027
TIC-0611,Suspicious background process running on main reception computer.,A hidden script is consuming massive CPU resources on the lobby desk terminal. Investigate immediately.,Security,High,5000,À Traiter (Actif),False,LobbyPC,Reception,2026-02-25 15:30:00,User_067
TIC-0940,Lab technician shared password found written on a whiteboard.,"Staff are bypassing individual logins to speed up testing, completely ruining the mandatory digital audit trail for results.",Security,Medium,5000,À Traiter (Actif),False,PassShare,Lab,2026-03-01 01:45:00,User_027
TIC-0670,Reception lobby information screen shows a Windows update prompt.,The public directory is obscured by a massive restart notification. Please disable automatic desktop updates.,Security,Low,5000,À Traiter (Actif),False,ScreenOS,Reception,2026-02-26 06:15:00,User_042
TIC-0671,Kitchen meal tracking tablet stolen from the dietary cart.,A device containing patient room numbers and diet restrictions has gone missing from the hallway.,Security,High,5000,À Traiter (Actif),False,DietTab,Kitchen,2026-02-26 06:30:00,User_015
TIC-1405,Outpatient clinic vaccine refrigerator digital temperature log is corrupted.,"Hello IT, the database is saving random text instead of degrees. We cannot prove the immunizations are safe.",Security,High,5000,À Traiter (Actif),False,EMRSecure,ER,2026-03-04 21:40:00,User_029
TIC-0660,Triage nurse tablet found connected to external rogue hotspot.,A device bypassed the hospital security filters by connecting to a mobile phone tethering network.,Security,Medium,5000,À Traiter (Actif),False,WifiPolicy,ER,2026-02-26 03:45:00,User_008
TIC-0672,Warehouse inventory database accessible without two-factor authentication.,Managers can log into the remote stock portal using just a weak password from home.,Security,Medium,5000,À Traiter (Actif),False,StockAuth,Stock,2026-02-26 06:45:00,User_071
TIC-1395,Oncology port flush kit dispensing cabinet drops network entirely.,"Hello, the nurses cannot access the sterile saline flushes for the chemotherapy patients because the cabinet is offline.",Security,Critical,5000,À Traiter (Actif),False,AutopsyWeb,Pathology,2026-03-05 19:30:00,User_055
TIC-0653,Parking garage camera control interface exposed to public internet.,The web panel to pan and tilt the security cameras is accessible without a VPN.,Security,High,5000,À Traiter (Actif),False,CamWeb,Car park,2026-02-26 02:00:00,User_093
TIC-0656,Maternity infant alarm disabling code written on physical whiteboard.,The override PIN for the abduction alarms is clearly visible to anyone walking past the desk.,Security,High,5000,À Traiter (Actif),False,AlarmPIN,Maternity,2026-02-26 02:45:00,User_082
TIC-0674,Physiotherapy booking portal vulnerable to cross-site scripting attack.,A patient demonstrated they could inject javascript into the appointment notes field successfully. Patch it.,Security,High,5000,À Traiter (Actif),False,WebBook,Physiotherapy,2026-02-26 07:15:00,User_012
TIC-1445,Laboratory information system firewall allows unauthorized internal ping requests.,"Dear IT, devices on the guest network are scanning our secure servers. Block the subnets on the router.",Security,Medium,5000,À Traiter (Actif),False,DopplerMem,Neurology,2026-03-05 08:45:00,User_010
TIC-0924,Picture archiving system password reset page vulnerable to exploitation.,Anyone can bypass the security questions and change another user's password using a simple web injection script.,Security,Critical,5000,À Traiter (Actif),False,PACSSecure,Radiology,2026-02-28 21:45:00,User_062
TIC-0673,Car park payment kiosk storing credit card numbers locally.,The terminal software is writing unencrypted card data to a local text log file improperly.,Security,Critical,5000,À Traiter (Actif),False,PayLog,Car park,2026-02-26 07:00:00,User_055
TIC-0918,Pharmacist verification portal allows unauthorized remote desktop connection attempts.,Firewall logs show external actors trying to brute force the main dispensing server over the public internet.,Security,Critical,5000,À Traiter (Actif),False,PharmVerify,Pharmacy,2026-02-28 20:15:00,User_027
TIC-0640,ER whiteboard web interface lacks basic password authentication.,Anyone on the hospital network can navigate to the local IP and view emergency arrivals.,Security,High,5000,À Traiter (Actif),False,BoardWeb,ER,2026-02-25 22:45:00,User_027
TIC-0616,Default admin password works on new dialysis machines.,The vendor did not change the factory credentials on the blood filtration units. Highly unsafe.,Security,Critical,5000,À Traiter (Actif),False,DialySafe,Dialysis,2026-02-25 16:45:00,User_008
TIC-0929,Unsecured tablet left unlocked in the family waiting room.,"A physician abandoned a device logged into the electronic health records, exposing incredibly sensitive intensive care data publicly.",Security,High,5000,À Traiter (Actif),False,TabSecure,ICU,2026-02-28 23:00:00,User_055
TIC-1441,Pathology residents locked out of the tissue tracking database.,"Hello, their active directory groups were accidentally removed. They cannot log the incoming surgical biopsies into the system.",Security,Critical,5000,À Traiter (Actif),False,BrainLeak,Neurology,2026-03-05 07:45:00,User_087
TIC-0651,Unsecured FTP server found active on dietary management terminal.,"An old file transfer protocol is running without a password, exposing patient dietary restriction lists.",Security,High,5000,À Traiter (Actif),False,DietFTP,Kitchen,2026-02-26 01:30:00,User_055
TIC-0652,Warehouse barcode scanner transmitting credentials in plain text.,The older inventory guns are sending the warehouse manager's login details unencrypted over the wifi.,Security,Critical,5000,À Traiter (Actif),False,ScanAuth,Stock,2026-02-26 01:45:00,User_012
TIC-1433,Bedside continuous renal replacement therapy device loses server connection.,"Greetings, the localized ethernet port is completely dead. We cannot remotely track the hourly dialysis fluid removal rates.",Security,High,5000,À Traiter (Actif),False,CoinMine,Admissions,2026-03-05 05:45:00,User_017
TIC-1458,Neonatal incubator digital thermostat throws an unrecoverable system exception.,"Greetings, the computer crashed and the heating element stopped. This is an absolute emergency for the premature babies.",Security,Medium,5000,À Traiter (Actif),False,GuestBypass,Reception,2026-03-05 12:00:00,User_065
TIC-1467,Dietary ordering portal allows unauthenticated external password reset requests.,"Hi IT, anyone can trigger a password change for the head chef. Secure this web vulnerability immediately please.",Security,Medium,5000,À Traiter (Actif),False,TabCrush,Stock,2026-03-05 14:15:00,User_045
TIC-0655,Dialysis central dashboard software lacks automated session timeout.,"Nurses leave the terminal, and the patient blood filtration dashboard remains unlocked and accessible indefinitely.",Security,Medium,5000,À Traiter (Actif),False,DashLock,Dialysis,2026-02-26 02:30:00,User_067
TIC-0654,Physiotherapy patient database allows bypassing password via empty strings.,Hitting enter with a blank password field successfully logs into the local therapy scheduling database.,Security,Critical,5000,À Traiter (Actif),False,PhysioDB,Physiotherapy,2026-02-26 02:15:00,User_034
TIC-0605,Unencrypted patient telemetry broadcast found on guest wifi.,Sensitive heart rate data is leaking over the public network. Fix the VLAN separation immediately.,Security,Critical,5000,À Traiter (Actif),False,ICUMonitor,ICU,2026-02-25 14:00:00,User_004
TIC-0607,Malicious email attachment opened on the hematology workstation.,A technician clicked a fake invoice link. The computer is acting strangely. Quarantining the PC.,Security,Critical,5000,À Traiter (Actif),False,WinDefend,Lab,2026-02-25 14:30:00,User_055
TIC-0609,External IP address scanning oncology trial database ports.,The firewall logs show a massive spike in port scanning from an unknown foreign IP.,Security,High,5000,À Traiter (Actif),False,FirewallOS,Oncology,2026-02-25 15:00:00,User_093
TIC-1420,Robotic surgery console drops audio communication with the assistant.,"Good morning, the internal microphone network failed. The lead surgeon cannot issue voice commands to the surgical technicians.",Security,Critical,5000,À Traiter (Actif),False,PharmSec,Pharmacy,2026-03-05 02:30:00,User_050
TIC-1426,Mammography workstations left unlocked in high traffic public corridors.,"Hello, sensitive breast imaging files are visible to passing visitors. Enforce immediate active directory screen lock policies please.",Security,High,5000,À Traiter (Actif),False,TabWipe,ICU,2026-03-05 04:00:00,User_094
TIC-0612,Staff dietary account accessed from two countries simultaneously.,The kitchen manager's ordering profile showed logins from France and Russia at the exact same time.,Security,Critical,5000,À Traiter (Actif),False,DietOrder,Kitchen,2026-02-25 15:45:00,User_082
TIC-0614,Security camera feed intercepted by unauthorized internal IP.,A computer in the library is actively viewing the secure underground parking garage video feeds.,Security,Critical,5000,À Traiter (Actif),False,CamSecure,Car park,2026-02-25 16:15:00,User_019
TIC-0615,Exposed API key found in physiotherapy scheduling script.,The automated reminder script contains plain-text passwords uploaded to our internal code repository. Revoke it.,Security,High,5000,À Traiter (Actif),False,PhysioCode,Physiotherapy,2026-02-25 16:30:00,User_076
TIC-0634,Therapy exercise videos hosted on an unsecured cloud bucket.,Patient rehabilitation tutorial videos are publicly accessible to anyone who guesses the Amazon AWS URL.,Security,Medium,5000,À Traiter (Actif),False,CloudHost,Physiotherapy,2026-02-25 21:15:00,User_082
TIC-0636,Maternity ward electronic door locks disabled by network flood.,A denial of service attack on the local switch forced the secure doors to fail open.,Security,Critical,5000,À Traiter (Actif),False,SwitchOS,Maternity,2026-02-25 21:45:00,User_019
TIC-0633,Parking gate override code leaked on a public forum.,Anyone can type '9999' on the keypad and exit the physician garage without paying tolls.,Security,High,5000,À Traiter (Actif),False,GatePad,Car park,2026-02-25 21:00:00,User_067
TIC-0631,Ex-employee badge successfully opened the sterile kitchen pantry.,A terminated cook used their old RFID card to enter a restricted food storage area.,Security,High,5000,À Traiter (Actif),False,DoorAccess,Kitchen,2026-02-25 20:30:00,User_093
TIC-0629,Unpatched vulnerability discovered in the pediatric growth chart app.,A known software exploit allows remote code execution on the ward tablets. Push the patch.,Security,High,5000,À Traiter (Actif),False,TabletOS,Pediatrics,2026-02-25 20:00:00,User_055
TIC-0637,Pathology microscope images shared to a public cloud drive.,A doctor accidentally configured their backup software to push biopsy photos to a public Dropbox.,Security,High,5000,À Traiter (Actif),False,CloudSync,Pathology,2026-02-25 22:00:00,User_076
TIC-0638,Outpatient portal allows users to enumerate other patient IDs.,Changing the URL number allows a logged-in patient to view the appointments of other people.,Security,Critical,5000,À Traiter (Actif),False,WebPortal,Outpatient Clinic,2026-02-25 22:15:00,User_008
TIC-0599,Secure messaging portal allows patients to see the messages of other users.,A patient logged in to ask a question and saw the entire private conversation history of a stranger. This is a catastrophic privacy breach. Take the portal offline immediately.,Security,Critical,5000,À Traiter (Actif),False,MsgBreach,Outpatient Clinic,2026-02-25 12:30:00,User_067
TIC-0619,Outpatient clinic doctor laptop stolen from the breakroom.,A physician's unencrypted laptop is missing. We need to initiate a remote wipe command immediately.,Security,Critical,5000,À Traiter (Actif),False,MobileDevice,Outpatient Clinic,2026-02-25 17:30:00,User_051
TIC-0626,Ransomware note dropped on the surgical scheduling shared drive.,A text file demanding bitcoin appeared in the OR network folder. Isolate the file server.,Security,Critical,5000,À Traiter (Actif),False,FileServe,Surgery,2026-02-25 19:15:00,User_042
TIC-0630,Guest network user attempting to access internal hospital routers.,Someone in the lobby is running SSH brute force attacks against our core Cisco switches.,Security,Critical,5000,À Traiter (Actif),False,CiscoIOS,Reception,2026-02-25 20:15:00,User_012
TIC-0617,Newborn security tag database vulnerable to SQL injection.,Running a basic security audit revealed the infant tracking software accepts malformed database queries easily.,Security,Critical,5000,À Traiter (Actif),False,BabyTrack,Maternity,2026-02-25 17:00:00,User_099
TIC-1764,Public wireless internet gateway portal allows unauthenticated network bypassing.,"Good morning, visitors can access the internet without accepting the digital terms of service. Secure the network captive portal.",Security,High,5000,À Traiter (Actif),False,WifiBypass,Reception,2026-03-11 02:30:00,User_076
TIC-0425,Mammography scheduling portal is exposing patient dates of birth in the URL.,Anyone looking at their browser history can see sensitive patient demographic data. This is a severe legal compliance violation. Take the web portal offline for patching.,Security,Critical,5000,À Traiter (Actif),False,MammoBook,Radiology,2026-02-23 17:00:00,User_023
TIC-1753,Oncology electronic prescribing gateway fails SSL certificate validation check.,"Hi team, the secure sockets layer is expired. Browsers are blocking the digital transmission of highly sensitive cancer prescriptions.",Security,Critical,5000,À Traiter (Actif),False,OncoSSL,Oncology,2026-03-10 23:45:00,User_042
TIC-0618,Unlocked pathology workstation left abandoned with open reports.,"A terminal in the hallway was left logged in, exposing sensitive cancer biopsy results entirely.",Security,Medium,5000,À Traiter (Actif),False,PathoLog,Pathology,2026-02-25 17:15:00,User_027
TIC-0450,Cancer registry reporting software is failing to encrypt outgoing patient data files.,The secure file transfer protocol logs show data is being sent in plain text to the national registry. We have halted all reporting until this is fixed.,Security,Critical,5000,À Traiter (Actif),False,RegSync,Oncology,2026-02-23 23:15:00,User_071
TIC-1038,Unauthorized user accessed the confidential infectious disease testing database.,Audit logs show a kitchen staff account querying HIV results. This is a severe breach. Lock the account.,Security,Critical,5000,À Traiter (Actif),False,InfectDB,Lab,2026-03-02 02:15:00,User_008
TIC-1017,Pharmacy inventory database firewall allows unauthorized external port scanning.,Intrusion detection flagged multiple attempts to breach our controlled substance records from an unknown overseas internet protocol address.,Security,Critical,5000,À Traiter (Actif),False,PharmWall,Pharmacy,2026-03-01 21:00:00,User_099
TIC-1072,Parking payment kiosk stores credit card numbers in plaintext.,The local log file is capturing highly sensitive financial data unencrypted. This is a severe compliance violation entirely.,Security,Critical,5000,À Traiter (Actif),False,CCLog,Car park,2026-03-02 10:45:00,User_071
TIC-1065,Unauthorized access detected on the dietary vendor ordering portal.,Someone logged in from an external IP address and attempted to modify our bulk food purchase orders maliciously.,Security,Critical,5000,À Traiter (Actif),False,VendorHack,Kitchen,2026-03-02 09:00:00,User_088
TIC-0419,Suspected ransomware popup appeared on the main pharmacy insurance billing terminal.,A screen appeared demanding cryptocurrency to unlock our patient financial records. We have disconnected the machine from the ethernet wall port. Send the cybersecurity response team.,Security,Critical,5000,À Traiter (Actif),False,WinSecure,Pharmacy,2026-02-23 15:30:00,User_051
TIC-1778,Car park validation web portal vulnerable to script injection.,"Hi IT, malicious javascript can be executed in the search fields. Please patch the digital vulnerability on the server.",Security,High,5000,À Traiter (Actif),False,ParkXSS,Car park,2026-03-11 06:00:00,User_055
TIC-1804,Patient portal messaging database routes private replies to strangers.,"Good morning, the routing algorithm is corrupted. A doctor's digital response was sent to the wrong patient account entirely.",Security,Critical,5000,À Traiter (Actif),False,MsgRoute,Outpatient Clinic,2026-03-11 12:30:00,User_067
TIC-0448,Oncology patient navigation app is sending patients to the wrong hospital wing.,Immunocompromised individuals are wandering into the busy emergency room instead of the isolated cancer center. The internal map routing logic is completely reversed. Fix the application.,Bug,Medium,2300,À Traiter (Actif),False,NaviCare,Oncology,2026-02-23 22:45:00,User_042
TIC-1566,Rogue mobile device plugged into emergency room computer.,Dear team. Antivirus flagged an unauthorized phone drawing power and attempting data transfers on a triage terminal. We have isolated it.,Bug,High,2300,À Traiter (Actif),False,FilterMon,ICU,2026-03-07 00:15:00,User_031
TIC-0549,Bone marrow transplant isolation room environmental display shows a fatal error.,The screen that confirms the positive air pressure and HEPA filtration status is completely black. We cannot legally keep immunocompromised patients in this room without that digital verification.,Error,High,2200,À Traiter (Actif),False,IsoRoom,Oncology,2026-02-25 00:00:00,User_015
TIC-1748,Stroke alert mobile application drops push notifications entirely randomly.,"Hi IT, the digital routing logic is failing. Neurologists are not receiving the urgent electronic alerts for incoming emergencies.",Network,Critical,1500,À Traiter (Actif),False,StrokePush,Neurology,2026-03-10 22:30:00,User_088
TIC-1423,Intravenous compounding hood smart scale loses local wireless connection.,"Hello IT, the weight measurements cannot synchronize with the server. We are manually writing down the chemotherapy dosages.",Network,High,1500,À Traiter (Actif),False,CTSync,Radiology,2026-03-05 03:10:00,User_037
TIC-0701,Wireless router in trauma bay drops all device connections.,The portable diagnostic tablets lose internet connectivity frequently. Doctors cannot review patient histories during critical intake evaluations.,Network,Critical,1500,À Traiter (Actif),False,WifiNet,ER,2026-02-26 14:00:00,User_042
TIC-1372,Admissions patient photograph capture camera produces completely inverted images.,"Good morning, the driver update flipped the video feed entirely. The security badges print with upside down faces.",Network,Critical,1500,À Traiter (Actif),False,BaseCam,Car park,2026-03-05 13:45:00,User_071
TIC-0909,Holter monitor data extraction workstation USB ports are disabled.,"A recent group policy update locked down the physical ports, preventing us from downloading outpatient cardiac recordings.",Network,High,1500,À Traiter (Actif),False,HolterSync,Cardiology,2026-02-28 18:00:00,User_093
TIC-0548,Oncology ward automated vital sign monitors fail to connect to wifi.,The nurses must manually write down blood pressures and temperatures because the rolling carts cannot access the wireless network. The authentication certificates on the devices seem completely expired.,Network,Medium,1500,À Traiter (Actif),False,OncoVitals,Oncology,2026-02-24 23:45:00,User_042
TIC-0723,Pharmacy automated dispensing cabinet loses connection to the database.,The cabinet cannot verify if patients have active prescriptions. It has defaulted to a hard lockdown network state.,Network,High,1500,À Traiter (Actif),False,CabNet,Pharmacy,2026-02-26 19:30:00,User_004
TIC-0401,Main triage registration tablets are refusing to connect to the network.,"Incoming patients are piling up at the door. We are using paper forms, which destroys our efficiency and risks losing critical trauma intake details entirely.",Network,Critical,1500,À Traiter (Actif),False,TriageNet,ER,2026-02-23 11:00:00,User_042
TIC-1729,Mammography digital image transfer protocol times out over VPN.,"Good morning, remote radiologists cannot download the files. The virtual private network bandwidth is severely throttled and dropping packets.",Network,High,1500,À Traiter (Actif),False,MammoVPN,Radiology,2026-03-10 17:45:00,User_062
TIC-0848,Laboratory chemistry analyzer network port is physically broken and loose.,"The ethernet cable falls out constantly, interrupting the transmission of critical metabolic blood panels to the patient charts.",Network,Medium,1500,À Traiter (Actif),False,EthJack,Lab,2026-02-28 02:45:00,User_042
TIC-0509,Emergency medical technician radio dispatch console loses connection to city services.,"We cannot hear incoming ambulance reports before they arrive at our doors. The external gateway link is completely down, leaving us totally blind to incoming traumas.",Network,Critical,1500,À Traiter (Actif),False,RadioLink,ER,2026-02-24 14:00:00,User_093
TIC-1081,Dialysis central nursing dashboard loses connection to filtration machines.,"The network switch is dropping packets, blinding the staff to critical blood pressure trends during the treatment sessions.",Network,Critical,1500,À Traiter (Actif),False,DialyDash,Dialysis,2026-03-02 13:00:00,User_076
TIC-1318,Kitchen industrial blast chiller temperature logging system is offline.,"Hello, we cannot prove the hot food was cooled safely. The network bridge module requires an urgent reboot.",Network,High,1500,À Traiter (Actif),False,TubeNet,Pharmacy,2026-03-05 00:15:00,User_027
TIC-1596,Pediatric playroom smart television firewall filters completely bypassed.,Dear team. The children can access inappropriate websites on the interactive screen. Lock down the network proxy settings on this device.,Network,Low,1500,À Traiter (Actif),False,GripDyna,Physiotherapy,2026-03-07 07:45:00,User_012
TIC-1129,Pharmacy inventory application allows database queries without secure login.,"Good morning, anyone on the network can view our restricted narcotic stock levels. Please lock down the API endpoint.",Network,High,1500,À Traiter (Actif),False,VPNConnect,Neurology,2026-03-03 01:00:00,User_055
TIC-1570,Radiology image routing server sends files to backup.,"Hello team. The network matrix is confused, pushing urgent diagnostic scans to the slow deep storage instead of the viewing workstations.",Network,High,1500,À Traiter (Actif),False,ApronTrack,Oncology,2026-03-07 01:15:00,User_042
TIC-0738,Pathology dictation server refuses connections from remote working doctors.,Physicians trying to transcribe reports from home are getting connection refused errors. The remote gateway is completely down.,Network,High,1500,À Traiter (Actif),False,DictateGate,Pathology,2026-02-26 23:15:00,User_008
TIC-1463,Volunteer staff denied access to the visitor printing software.,"Greetings, they cannot issue security passes because their user roles were accidentally downgraded during the overnight database update.",Network,High,1500,À Traiter (Actif),False,FreezerWifi,Kitchen,2026-03-05 13:15:00,User_020
TIC-0443,Stroke protocol automated text alerts are being delayed by several hours.,"The urgent code stroke message arrived on our phones two hours after the patient was admitted. In stroke care, this delay is catastrophic. Check the SMS gateway.",Network,Critical,1500,À Traiter (Actif),False,StrokeAlert,Neurology,2026-02-23 21:30:00,User_088
TIC-1301,Clinic manager locked out of the patient billing dispute module.,"Hello team, her account permissions were inexplicably downgraded overnight. She cannot process the pending financial refunds for patients.",Network,Critical,1500,À Traiter (Actif),False,ScanTool,ER,2026-03-04 20:00:00,User_042
TIC-0829,Neurology department laptops cannot access the secure hospital VPN.,Doctors working from home are entirely unable to review urgent brain scans due to a remote gateway failure.,Network,High,1500,À Traiter (Actif),False,VPNConnect,Neurology,2026-02-27 22:00:00,User_055
TIC-0970,Stockroom manager denied access to the surgical implant registry.,He cannot digitally check in the expensive titanium joint replacements because his user role was accidentally downgraded today.,Access,High,1100,À Traiter (Actif),False,ImplantReg,Stock,2026-03-01 09:15:00,User_042
TIC-0756,Dialysis patient database access locked due to suspicious activity flags.,The system locked down automatically after detecting multiple rapid data exports. We need to verify if this is legitimate.,Access,High,1100,À Traiter (Actif),False,DBLock,Dialysis,2026-02-27 03:45:00,User_082
TIC-1523,Expectant mother medical history exposed to guest internet.,Hi there. A firewall mistake made a directory of prenatal charts visible to anyone in the waiting room. Lock this down.,Access,High,1100,À Traiter (Actif),False,SmokeVac,Surgery,2026-03-06 13:30:00,User_004
TIC-1443,Urinalysis machine interface software drops the final decimal points.,"Greetings, the reporting logic truncates critical chemical values completely. This could lead to severe patient misdiagnoses by doctors.",Access,High,1100,À Traiter (Actif),False,DictateDeny,Neurology,2026-03-05 08:15:00,User_026
TIC-0930,ICU automated door locks fail to engage during lockdown.,The electronic strike plates are dead. Anyone can walk into the restricted unit without swiping a security badge.,Access,Critical,1100,À Traiter (Actif),False,DoorLock,ICU,2026-02-28 23:15:00,User_012
TIC-0910,Pacemaker database exposes patient social security numbers to staff.,The application fails to mask sensitive identifiers on the main search screen. This is a critical privacy breach.,Access,Critical,1100,À Traiter (Actif),False,PaceData,Cardiology,2026-02-28 18:15:00,User_034
TIC-1216,Anesthesia delivery system throws a massive pressure exception.,"Dear IT, the machine halted completely mid-operation. The biomedical team must inspect this critical hardware immediately today.",Access,Medium,1100,À Traiter (Actif),False,PoolBadge,Physiotherapy,2026-03-03 22:45:00,User_008
TIC-1022,Radiology technicians denied access to the MRI scheduling calendar.,Their user group permissions were accidentally downgraded. They cannot see which patients are arriving for morning brain scans.,Access,High,1100,À Traiter (Actif),False,MRICalendar,Radiology,2026-03-01 22:15:00,User_031
TIC-1043,Chief neurologist locked out of the clinical trial database.,"Her password expired without warning, and the reset tool is entirely broken. She needs urgent access to data.",Access,High,1100,À Traiter (Actif),False,TrialDB,Neurology,2026-03-02 03:30:00,User_088
TIC-1368,Surgical electrocautery machine throws a fatal voltage calibration error.,"Hi there, the tissue sealing device shut down safely. However, it requires an urgent biomedical software patch today.",Access,High,1100,À Traiter (Actif),False,AuditRead,Stock,2026-03-05 12:45:00,User_062
TIC-1730,Night shift radiology technician denied access to scheduling application.,"Dear team, her digital profile was downgraded accidentally. She cannot view the electronic appointments for the incoming emergency patients.",Access,Medium,1100,À Traiter (Actif),False,RadSched,Radiology,2026-03-10 18:00:00,User_023
TIC-1571,Critical care attending physician locked out of charts.,"Dear IT, her electronic medical record profile was disabled erroneously. She cannot prescribe medications for the patients on life support currently.",Access,Critical,1100,À Traiter (Actif),False,FormulaLock,Pediatrics,2026-03-07 01:30:00,User_015
TIC-0762,Surgical robotic console software update requires an administrator override token.,"The vendor sent a critical patch, but our local IT staff do not have the necessary software installation token.",Access,High,1100,À Traiter (Actif),False,PatchToken,Surgery,2026-02-27 05:15:00,User_027
TIC-1286,Dialysis patient entertainment tablets allow access to restricted settings completely.,"Hello team, users can bypass the interface and change the tablet network configurations. Lock down the operating systems.",Access,Medium,1100,À Traiter (Actif),False,RoleDeny,ICU,2026-03-04 16:15:00,User_014
TIC-1700,Chief medical examiner denied digital signature authorization rights entirely.,"Dear team, her cryptographic token was revoked. She cannot electronically sign off on the urgent biopsy results for surgeons.",Access,High,1100,À Traiter (Actif),False,ChiefSign,Pathology,2026-03-11 11:30:00,User_055
TIC-0787,Laboratory chemical analyzer requires a physical key card for access.,"The smart card reader is broken, and the technicians cannot log into the machine to process the urgent blood samples.",Access,Critical,1100,À Traiter (Actif),False,SmartKey,Lab,2026-02-27 11:30:00,User_088
TIC-1472,Forklift guidance computers lose wireless connection in aisle seven.,"Hi there, a massive dead zone prevents the logistics team from updating the real time pallet location database.",Network,Critical,1000,À Traiter (Actif),False,BaseCam,Car park,2026-03-05 15:30:00,User_038
TIC-0585,Patient entertainment television screens lose connection to the internet completely today.,The patients are stuck sitting in chairs for four hours with absolutely nothing to watch. The wireless access point in the clinic ceiling seems to have died completely overnight.,Network,Low,1000,À Traiter (Actif),False,TVNet,Dialysis,2026-02-25 09:00:00,User_051
TIC-1449,Clinical trial researchers denied permission to view patient demographics.,"Good morning, the database locks them out of the basic contact information required to follow up with subjects.",Network,Critical,1000,À Traiter (Actif),False,HoodDrop,Oncology,2026-03-05 09:45:00,User_035
TIC-1206,Emergency triage barcode scanners cannot reach the database.,"Greetings, the handheld readers flash red and drop the wifi. We cannot identify arriving patients digitally today.",Network,High,1000,À Traiter (Actif),False,NetSwitch,ICU,2026-03-03 20:15:00,User_071
TIC-0927,Ventilator data bridge transmits respiratory rates to wrong beds.,"The network integration module is mixing up patient data, showing bed one's oxygen levels on bed two's chart.",Network,Critical,1000,À Traiter (Actif),False,VentBridge,ICU,2026-02-28 22:30:00,User_015
TIC-1414,Visiting cardiovascular surgeon denied access to digital surgical schedules.,"Good morning, the guest profile lacks the necessary calendar permissions. He cannot plan his upcoming valve replacement operations.",Network,Critical,1000,À Traiter (Actif),False,RoboNet,Surgery,2026-03-05 00:15:00,User_022
TIC-1428,Newly hired radiologist locked out of the dictation server.,"Greetings, her profile was created without the voice recognition license. She cannot transcribe any diagnostic reports today.",Network,Critical,1000,À Traiter (Actif),False,BedWifi,ICU,2026-03-05 04:30:00,User_025
TIC-1462,IP telephone system at the front desk drops calls.,"Hi team, the external trunk connection disconnects after exactly two minutes of conversation. We cannot help calling patients.",Network,Medium,1000,À Traiter (Actif),False,MenuAide,Kitchen,2026-03-05 13:00:00,User_079
TIC-1456,Locum pediatric nurses locked out of the medication cabinets.,"Hello, their temporary biometric profiles were not synchronized with the secure vault. They cannot access infant pain relief.",Network,Critical,1000,À Traiter (Actif),False,DomainDrop,Reception,2026-03-05 11:30:00,User_085
TIC-1444,Automated slide stainer robotic arm reports a mechanical exception.,"Good morning, the dispensing nozzle crashed into the glass tray. The machine requires an immediate biomedical engineering reset.",Network,Medium,1000,À Traiter (Actif),False,SleepLag,Neurology,2026-03-05 08:30:00,User_078
TIC-0687,Neurology department secure email server bouncing external specialist emails.,Messages from our consulting surgeons in Paris are being rejected by our overly aggressive spam filters.,Network,Medium,1000,À Traiter (Actif),False,SpamRule,Neurology,2026-02-26 10:30:00,User_088
TIC-0690,Reception desk IP phone completely dead and unpowered.,The ethernet cable provides no power over ethernet to the main switchboard phone. Port is dead.,Network,High,1000,À Traiter (Actif),False,PoESwitch,Reception,2026-02-26 11:15:00,User_062
TIC-0650,Reception area guest wifi gateway page fails to load.,Families cannot connect to the internet because the terms of service agreement page is offline.,Network,Low,1000,À Traiter (Actif),False,WifiGate,Reception,2026-02-26 01:15:00,User_071
TIC-0944,Transcranial doppler ultrasound cart loses connection to the server.,The wireless adapter on the diagnostic machine is dead. Technicians cannot upload vital cerebral blood flow velocity scans.,Network,High,1000,À Traiter (Actif),False,DopplerNet,Neurology,2026-03-01 02:45:00,User_031
TIC-1188,Operating room supply cabinet loses connection to main server.,"Hello, the automated dispenser cannot verify inventory levels because the local ethernet port seems entirely dead. Please check switches.",Network,Medium,1000,À Traiter (Actif),False,EthJack,Lab,2026-03-03 15:45:00,User_031
TIC-1408,Triage nursing staff locked out of the toxicology database.,"Greetings, the new shift cannot log into the poison control portal. Their credentials show as expired without warning.",Network,High,1000,À Traiter (Actif),False,TeleNet,Cardiology,2026-03-04 22:20:00,User_063
TIC-1401,Physiotherapy digital grip strength dynamometer refuses to record data.,"Dear IT, the bluetooth connection to the tablet drops every single time the patient squeezes the testing hardware.",Network,Critical,1000,À Traiter (Actif),False,ScanTool,ER,2026-03-04 20:45:00,User_019
TIC-0705,Main lobby network switch is dropping data packets constantly.,The intake computers are experiencing massive lag when querying the national insurance database. Network speeds are totally erratic.,Network,High,1000,À Traiter (Actif),False,SwitchOS,Admissions,2026-02-26 15:00:00,User_004
TIC-1384,Pathology glass slide barcode printer jams after every label.,"Hello IT, the thermal ribbon feeder is completely misaligned. We are manually writing names on the cancer biopsies.",Network,Critical,1000,À Traiter (Actif),False,HemoDrop,Dialysis,2026-03-05 16:45:00,User_027
TIC-1388,Surgical organ transport cooler digital thermometer loses wireless connection.,"Hello, we cannot remotely monitor the temperature of the donor kidney in transit. Reboot the cooler networking module.",Network,Critical,1000,À Traiter (Actif),False,FetalDrop,Maternity,2026-03-05 17:45:00,User_031
TIC-0667,Neurology stroke alert pager system fails to receive broadcasts.,The dedicated pagers for the rapid response team have no signal in the cafeteria area.,Network,Critical,1000,À Traiter (Actif),False,PagerNet,Neurology,2026-02-26 05:30:00,User_004
TIC-0575,Parking garage security emergency intercom buttons are routing to a dead number.,"If someone presses the blue panic button in the dark basement, the call completely drops instead of reaching the security desk. This telephony routing failure is a massive liability.",Network,Critical,1000,À Traiter (Actif),False,PanicButton,Car park,2026-02-25 06:30:00,User_093
TIC-0579,Wearable patient motion tracking sensors fail to pair with the clinic tablets.,The bluetooth pairing process times out repeatedly. We cannot measure the exact range of motion for recovering shoulder surgery patients. The firmware on the sensors requires a complete reinstall.,Network,Medium,1000,À Traiter (Actif),False,MotionSync,Physiotherapy,2026-02-25 07:30:00,User_049
TIC-1161,Rehabilitation clinic billing portal applies wrong codes to treatments.,"Dear IT, the database is attaching massage codes to aquatic therapies. This ruins our financial audits and insurance claims.",Network,High,1000,À Traiter (Actif),False,WifiHidden,ER,2026-03-03 09:00:00,User_099
TIC-1167,Echocardiogram portable cart drops wireless signal in room five.,"Hello, the wifi dead zone prevents the machine from uploading large video files to the picture archiving communication server.",Network,Medium,1000,À Traiter (Actif),False,DomainTrust,Admissions,2026-03-03 10:30:00,User_004
TIC-1168,Surgical instrument counting application completely erases the final tallies.,"Dear IT, clicking save wipes the database record. We have no digital proof that all sponges were safely removed.",Network,High,1000,À Traiter (Actif),False,InterfaceNet,Lab,2026-03-03 10:45:00,User_062
TIC-1174,Sleep study observation cameras buffer constantly over the network.,"Hello, the video feeds are choking the local switch. We cannot observe the patients properly due to severe lag.",Network,High,1000,À Traiter (Actif),False,PassReset,Stock,2026-03-03 12:15:00,User_012
TIC-0937,Laboratory information system firewall blocks external reference lab results.,Highly specialized genetic test results cannot enter our database because the strict port filtering rules are dropping packets.,Network,High,1000,À Traiter (Actif),False,LabWall,Lab,2026-03-01 01:00:00,User_076
TIC-1398,Kitchen patient tray heating element controller shows fatal error.,"Hello IT, the digital thermostat crashed. The food delivery carts are serving completely cold meals to the wards.",Network,High,1000,À Traiter (Actif),False,eRxDrop,Outpatient Clinic,2026-03-05 20:15:00,User_034
TIC-1489,Water purification system pressure sensors drop the server uplink.,"Good morning, the basement network switch failed. We cannot remotely verify if the filtration water is flowing safely.",Network,High,1000,À Traiter (Actif),False,DadDoor,Maternity,2026-03-05 19:45:00,User_075
TIC-1484,Digital signature capture pad pen is physically broken completely.,"Good morning, the stylus snapped. We cannot collect the legally mandated consent signatures before starting the spinal manipulations.",Network,Critical,1000,À Traiter (Actif),False,HemoDrop,Dialysis,2026-03-05 18:30:00,User_066
TIC-0593,Chemical fume hood digital airflow sensor completely loses connection to the server.,We cannot verify if the ventilation is safely removing toxic formaldehyde fumes from the laboratory. The network port on the wall seems entirely dead. Please check the network switch.,Network,High,1000,À Traiter (Actif),False,FumeNet,Pathology,2026-02-25 11:00:00,User_015
TIC-1517,Lobby directory interactive screen stuck in endless reboot.,"Good morning IT. The public routing map keeps restarting itself every thirty seconds, leaving visitors entirely lost in the main hall.",Network,Critical,1000,À Traiter (Actif),False,HeparinFlow,Dialysis,2026-03-06 12:00:00,User_099
TIC-1513,Automated blood chemistry analyzer loses connection to server.,Hi there. The diagnostic machine cannot push the metabolic results to the patient charts because the wall ethernet port is dead.,Network,High,1000,À Traiter (Actif),False,ChillLog,Kitchen,2026-03-06 11:00:00,User_049
TIC-1510,Advanced diagnostic workstation displays a fatal memory dump.,"Dear team, the imaging computer crashed to a blue screen while rendering a complex 3D bone structure. Please reboot it remotely.",Network,Medium,1000,À Traiter (Actif),False,ScalpCool,Oncology,2026-03-06 10:15:00,User_034
TIC-0555,Infant abduction security tag receiver throws a continuous network timeout exception.,The main desk cannot see the location of any babies on the floor. The central server is failing to ping the local hallway antennas. Reboot the security network switch.,Network,High,1000,À Traiter (Actif),False,BabyPing,Pediatrics,2026-02-25 01:30:00,User_067
TIC-1392,Admissions desk document scanner glass is physically cracked heavily.,"Hi team, a stapler was dropped on it. Every scanned insurance card has a massive black line across.",Network,Medium,1000,À Traiter (Actif),False,DictateDrop,Pathology,2026-03-05 18:45:00,User_042
TIC-1220,Surgical instrument tracker misidentifies scalpels as dull forceps.,"Hello, the optical recognition software is completely confused. It ruins our sterile tray packing protocol drastically today.",Network,High,1000,À Traiter (Actif),False,TeleFire,Outpatient Clinic,2026-03-03 23:45:00,User_014
TIC-0721,Virtual private network drops connection for remote triage nurses.,The remote staff cannot access the emergency incoming feeds. The gateway server seems to be rejecting established tunnels.,Network,Critical,1000,À Traiter (Actif),False,VPNServer,ER,2026-02-26 19:00:00,User_088
TIC-0648,Oncology chemo mixing hood airflow sensor disconnected from network.,We cannot digitally verify that the ventilation is protecting pharmacists from toxic chemotherapy drug fumes.,Network,Critical,1000,À Traiter (Actif),False,HoodNet,Oncology,2026-02-26 00:45:00,User_042
TIC-1438,Digital signature capture application throws a fatal memory exception.,"Greetings, the software crashes when generating the final PDF consent form. We cannot legally admit these waiting patients.",Network,High,1000,À Traiter (Actif),False,ChemLink,Lab,2026-03-05 07:00:00,User_070
TIC-0685,Admissions insurance API returns completely blank XML files.,"The external verification server is connecting, but sending us empty data payloads instead of coverage details.",Network,Medium,1000,À Traiter (Actif),False,XMLParse,Admissions,2026-02-26 10:00:00,User_051
TIC-1061,Dietary meal planning tablets lose connection inside the refrigerators.,The thick metal walls block the wifi signal. Staff cannot digitally inventory the fresh produce. We need repeaters.,Network,Medium,1000,À Traiter (Actif),False,DietWifi,Kitchen,2026-03-02 08:00:00,User_099
TIC-1802,Telehealth video consultation portal drops the digital audio streams.,"Greetings, the network router terminates the voice packets entirely. Doctors cannot hear their remote patients during the online sessions.",Network,High,1000,À Traiter (Actif),False,TeleDrop,Outpatient Clinic,2026-03-11 12:00:00,User_093
TIC-1777,Automated exit barrier software network module drops IP addresses.,"Greetings, the payment system loses internet connectivity entirely. It cannot digitally verify credit card transactions with the external banks.",Network,Critical,1000,À Traiter (Actif),False,ExitNet,Car park,2026-03-11 05:45:00,User_071
TIC-0604,MRI control room lost connection to central server.,We cannot send the morning brain scans to the database. The local switch seems dead.,Network,High,1000,À Traiter (Actif),False,PACSNet,Radiology,2026-02-25 13:45:00,User_023
TIC-0625,ICU ventilator data fails to sync with central dashboard.,We cannot see the respiratory rates remotely. The network bridge module seems to have failed.,Network,Critical,1000,À Traiter (Actif),False,VentSync,ICU,2026-02-25 19:00:00,User_023
TIC-0431,National health insurance API connection is timing out consistently for the last hour.,We cannot verify if anyone has active financial coverage. The external network request just spins indefinitely. Check if our firewall is blocking outbound traffic to government servers.,Network,High,1000,À Traiter (Actif),False,InsureAPI,Admissions,2026-02-23 18:30:00,User_093
TIC-1418,Automated surgical tourniquet controller displays a high pressure exception.,"Dear IT, the device halted safely, but the software needs clearing. The limb blood flow is currently restricted.",Network,High,1000,À Traiter (Actif),False,TubeNet,Pharmacy,2026-03-05 01:45:00,User_013
TIC-1197,Main hospital switchboard routes external calls to wrong extensions.,"Hello IT, dialing the maternity ward connects callers to the basement kitchen. The internal telephony mapping is completely corrupted.",Network,Critical,1000,À Traiter (Actif),False,DHCPFail,Dialysis,2026-03-03 18:00:00,User_093
TIC-0919,Chemotherapy compounding hood digital scale disconnects from the network.,We cannot verify the exact microgram weights of toxic cancer drugs because the wireless interface module died.,Network,High,1000,À Traiter (Actif),False,ChemoScale,Pharmacy,2026-02-28 20:30:00,User_051
TIC-0923,Digital x-ray detector plate fails to pair via bluetooth.,"The wireless receiver is broken, forcing technicians to use cumbersome wired connections that pose a tripping hazard.",Network,Medium,1000,À Traiter (Actif),False,XrayPlate,Radiology,2026-02-28 21:30:00,User_004
TIC-1020,Pharmacy compounding robot loses connection to the main database.,The machine halted all automated mixing because it cannot verify the digital prescription orders over the local network.,Network,Critical,1000,À Traiter (Actif),False,MixBot,Pharmacy,2026-03-01 21:45:00,User_014
TIC-1041,Electroencephalogram video feed buffers constantly over the local network.,The live stream of the seizure patient is lagging terribly. We need network traffic prioritized for this port.,Network,High,1000,À Traiter (Actif),False,EEGVideo,Neurology,2026-03-02 03:00:00,User_051
TIC-1034,Admissions lobby thin clients cannot reach the domain controller.,The computers cannot log anyone in because the local network switch is dropping all authentication packets. Restart it.,Network,Critical,1000,À Traiter (Actif),False,DomainNet,Admissions,2026-03-02 01:15:00,User_082
TIC-0422,Picture archiving system is taking twenty minutes to load a single x-ray.,The network bottleneck is so severe that emergency room doctors are walking upstairs to view scans physically. Server bandwidth seems to be severely throttled right now.,Network,High,1000,À Traiter (Actif),False,PACSView,Radiology,2026-02-23 16:15:00,User_031
TIC-1754,Tumor registry export tool drops the network connection continuously.,"Good morning, the large digital files timeout during transfer. We cannot submit the mandatory clinical statistics to the government.",Network,High,1000,À Traiter (Actif),False,TumorNet,Oncology,2026-03-11 00:00:00,User_015
TIC-0426,Central continuous monitoring station is dropping the heart rate telemetry completely.,We keep losing the electrocardiogram signals for our most unstable patients. The wireless antennas in the ceiling might be failing. We need network engineers immediately upstairs.,Network,Critical,1000,À Traiter (Actif),False,ICUMon,ICU,2026-02-23 17:15:00,User_042
TIC-1013,Operating room video broadcast loses connection to the classroom.,Medical students cannot watch the live procedure because the streaming server dropped the multicast feed entirely right now.,Network,Medium,1000,À Traiter (Actif),False,SurgiStream,Surgery,2026-03-01 20:00:00,User_049
TIC-1068,Forklift mounted inventory tablets drop connection in aisle four.,A dead zone is preventing the logistics team from updating pallet locations in real time. Install another antenna.,Network,Medium,1000,À Traiter (Actif),False,AisleWifi,Stock,2026-03-02 09:45:00,User_062
TIC-1075,Physician parking gate intercom button drops the network call.,Doctors who forget their badges cannot reach security because the voice over IP connection fails immediately upon pressing.,Network,Medium,1000,À Traiter (Actif),False,GateVoIP,Car park,2026-03-02 11:30:00,User_093
TIC-0715,Rehabilitation exercise database video streaming is buffering endlessly today.,Network bandwidth in the clinic is severely restricted. We cannot show patients how to perform their physical exercises.,Network,Medium,1000,À Traiter (Actif),False,VideoRehab,Physiotherapy,2026-02-26 17:30:00,User_076
TIC-0712,Dietary meal planning tablet disconnected from the wireless network.,The kitchen staff cannot receive real time updates on patient food allergies. Reboot the nearest wireless access point.,Network,Medium,1000,À Traiter (Actif),False,DietTab,Kitchen,2026-02-26 16:45:00,User_082
TIC-0708,Brain monitoring equipment cannot reach the central data repository.,The local ethernet port seems to have lost uplink connectivity. Data is buffering locally and will eventually fail.,Network,Critical,1000,À Traiter (Actif),False,NeuroSync,Neurology,2026-02-26 15:45:00,User_012
TIC-1363,Maternity umbilical cord clamp inventory tracker throws an exception.,"Hello IT, the database crashed entirely. We cannot digitally sign out the sterile clamping tools for the deliveries.",Network,High,1000,À Traiter (Actif),False,FreezerWifi,Kitchen,2026-03-05 11:30:00,User_051
TIC-1356,Pediatric infant phototherapy light timer resets itself entirely randomly.,"Hello IT, the jaundice treatment software is broken. We cannot track how long the baby received ultraviolet exposure.",Network,Critical,1000,À Traiter (Actif),False,DomainDrop,Reception,2026-03-05 09:45:00,User_082
TIC-1349,Pharmacy automated pill crushing vacuum system drops network uplink.,"Hello IT, the dust extraction logs cannot upload to the safety server. Restart the local wireless network router.",Network,Critical,1000,À Traiter (Actif),False,HoodDrop,Oncology,2026-03-05 08:00:00,User_015
TIC-0692,Stockroom forklift guidance tablet loses wireless connection indoors.,The dead zones in the warehouse are causing the automated inventory tablets to drop offline constantly.,Network,Medium,1000,À Traiter (Actif),False,WifiZone,Stock,2026-02-26 11:45:00,User_042
TIC-1379,Warehouse loading dock security camera feed is entirely black.,"Good morning, the lens is fine but the video encoding server dropped the signal. Restart the routing switch.",Network,Medium,1000,À Traiter (Actif),False,CalPerm,Physiotherapy,2026-03-05 15:30:00,User_049
TIC-1369,Pharmacy precision compounding scale drops the wireless network connection.,"Greetings, we cannot upload the microgram measurements to the server. The internal wifi antenna appears to be dead.",Network,High,1000,À Traiter (Actif),False,ScanShelf,Stock,2026-03-05 13:00:00,User_023
TIC-1378,Kitchen automated dishwasher soap dispenser throws a network exception.,"Hi team, the telemetry module crashed. It cannot order replacement sanitation chemicals from our external culinary supply vendor.",Network,Medium,1000,À Traiter (Actif),False,MotionPair,Physiotherapy,2026-03-05 15:15:00,User_082
TIC-1506,Triage intake laptops exhibit zero wireless network connectivity.,Good morning IT. The roaming devices in the emergency bay cannot find the hospital intranet. We are registering trauma injuries using clipboards.,Network,Critical,1000,À Traiter (Actif),False,BrainCap,ICU,2026-03-06 09:15:00,User_071
TIC-1141,Digital exercise scheduling application double books the rehabilitation gym.,"Hello IT, the calendar allows three patients to reserve the same equipment simultaneously. The conflict logic is totally broken.",Network,High,1000,À Traiter (Actif),False,NTPClock,ER,2026-03-03 04:00:00,User_051
TIC-0954,Infant security ankle tag receiver antennas drop network connection.,The system cannot detect if a baby is moved near the exit doors because the ceiling routers died.,Network,Critical,1000,À Traiter (Actif),False,BabyNet,Pediatrics,2026-03-01 05:15:00,User_034
TIC-0962,Commercial walk in freezer temperature logs stop recording overnight.,"The wireless thermometer sensors lost connection to the server, ruining our mandatory food safety compliance audit trail completely.",Network,High,1000,À Traiter (Actif),False,FreezerNet,Kitchen,2026-03-01 07:15:00,User_027
TIC-1497,Electron microscope workstation fails to upload massive image files.,"Hi IT, the gigabyte pictures timeout during transfer. We need a dedicated high speed network line installed immediately.",Network,Low,1000,À Traiter (Actif),False,QueueDeath,Outpatient Clinic,2026-03-05 21:45:00,User_064
TIC-1502,Telehealth video conferencing portal drops audio after exactly five minutes.,"Hi team, the session continues visually, but the microphone feeds die completely. Check the external routing server settings.",Network,Medium,1000,À Traiter (Actif),False,DyeWarm,Cardiology,2026-03-06 08:15:00,User_015
TIC-0904,Emergency department psychiatric isolation room camera drops video feed.,"The network switch port is faulty, leaving us with zero visual monitoring of highly unstable psychiatric arrivals.",Network,Critical,1000,À Traiter (Actif),False,PsychCam,ER,2026-02-28 16:45:00,User_023
TIC-0569,Supply chain database server completely drops the connection every ten minutes.,The warehouse clerks keep losing their uncompleted inventory counts because the network times out and logs them off forcibly. The backend server seems to be suffering from memory leaks.,Network,High,1000,À Traiter (Actif),False,SupplyDrop,Stock,2026-02-25 05:00:00,User_023
TIC-0684,ICU central monitoring station experiences severe network latency.,"The heart rate graphs are lagging ten seconds behind real-time, which is dangerous for unstable patients.",Network,Critical,1000,À Traiter (Actif),False,NetLag,ICU,2026-02-26 09:45:00,User_027
TIC-1213,Remote telemetry observation station drops server connection constantly.,"Greetings, the nursing desk cannot see the wireless heart rhythms. Reboot the localized network switch quickly please.",Network,Low,1000,À Traiter (Actif),False,DietWifi,Kitchen,2026-03-03 22:00:00,User_049
TIC-0564,Commercial dishwasher temperature logging sensor fails to upload the sanitation data.,We cannot prove to the health inspector that the plates reached the mandated sterilization heat levels. The wireless connection from the kitchen to the server is completely dead currently.,Network,Medium,1000,À Traiter (Actif),False,DishTemp,Kitchen,2026-02-25 03:45:00,User_014
TIC-0977,Aquatic therapy pool digital chemical monitor drops network connection.,We cannot remotely verify the chlorine levels. The wifi adapter inside the humid pool room seems completely fried.,Network,Medium,1000,À Traiter (Actif),False,PoolWifi,Physiotherapy,2026-03-01 11:00:00,User_067
TIC-0535,Admissions department secure email gateway is blocking all incoming referral documents.,External clinics cannot send us the necessary medical histories for incoming patients. The spam filter has become far too aggressive and is quarantining legitimate healthcare communications entirely.,Network,Medium,1000,À Traiter (Actif),False,AdmitMail,Admissions,2026-02-24 20:30:00,User_049
TIC-0542,Electroencephalogram video synchronization server is lagging behind the brainwave data completely.,The video of the patient having a seizure is off by ten seconds from the electrical tracing. We cannot accurately correlate the physical movements with the brain activity.,Network,High,1000,À Traiter (Actif),False,EEGSync,Neurology,2026-02-24 22:15:00,User_014
TIC-1544,Biopsy photographic files transmitted across public guest network.,Greetings. The digital microscopes are sending unencrypted diagnostic data over the open wifi. We must enforce secure routing protocols immediately please.,Network,Medium,1000,À Traiter (Actif),False,CrushVac,Pharmacy,2026-03-06 18:45:00,User_031
TIC-1521,Rehabilitation intern profile completely vanished from active directory.,Dear IT. Her account was mysteriously deleted overnight. She cannot log into the scheduling system to view her assigned aquatic therapies.,Network,High,1000,À Traiter (Actif),False,TranslateApp,ER,2026-03-06 13:00:00,User_088
TIC-1574,Electromyography stimulator software throws a fatal voltage exception.,"Greetings. The machine halted safely, but the application crashed hard. We cannot continue the nerve conduction studies without a software patch.",Network,High,1000,À Traiter (Actif),False,DockCam,Stock,2026-03-07 02:15:00,User_012
TIC-0718,Digital microscope imaging server is unreachable from the workstations.,Doctors cannot upload high resolution biopsy photographs to the central archive. Check the internal routing tables immediately please.,Network,High,1000,À Traiter (Actif),False,ImageServer,Pathology,2026-02-26 18:15:00,User_027
TIC-0888,Laboratory mass spectrometer software connection times out over the network.,"The data is taking too long to traverse the network switch, causing the analysis application to simply give up.",Network,Medium,1000,À Traiter (Actif),False,NetTime,Lab,2026-02-28 12:45:00,User_031
TIC-0895,Car park automated exit barrier completely loses connection to server.,The gate cannot verify paid tickets because the network cable running to the kiosk is severed underground somewhere.,Network,High,1000,À Traiter (Actif),False,CableSever,Car park,2026-02-28 14:30:00,User_055
TIC-1227,Magnetic resonance imaging patient intercom microphone is completely dead.,"Hi IT, the technicians cannot hear the patient inside the loud scanning tube. Replace the broken microphone.",Network,High,1000,À Traiter (Actif),False,VerifyNet,Admissions,2026-03-04 01:30:00,User_015
TIC-1223,Pneumatic tube control system loses local network uplink.,"Hello IT, the routing logic cannot communicate with the stations. Medication cylinders are stuck in transit entirely.",Network,High,1000,À Traiter (Actif),False,ChartGroup,Surgery,2026-03-04 00:30:00,User_004
TIC-1122,Dialysis machine maintenance interface lacks default password protection entirely.,"Good morning, anyone can enter the administrative menu without a login. This is a severe medical equipment vulnerability issue.",Network,High,1000,À Traiter (Actif),False,CiscoNet,Cardiology,2026-03-02 23:15:00,User_031
TIC-1117,Main lobby digital directory touchscreen displays a kernel panic.,"Hi there, the kiosk crashed to a black screen with white text. Visitors cannot locate their families' hospital rooms.",Network,High,1000,À Traiter (Actif),False,TempSens,Dialysis,2026-03-02 22:00:00,User_099
TIC-0505,Wireless holter monitor receivers are picking up heavy interference from cellphones.,The ambient radio frequencies in the waiting area are scrambling the incoming cardiac signals. We need someone to adjust the receiver frequency filtering bands immediately.,Network,Medium,1000,À Traiter (Actif),False,HolterRec,Cardiology,2026-02-24 13:00:00,User_004
TIC-0748,Neurology sleep study video stream lagging due to network congestion.,"The large video files are choking the network switch, causing the live observation feed to stutter and freeze.",Network,High,1000,À Traiter (Actif),False,VideoQoS,Neurology,2026-02-27 01:45:00,User_042
TIC-0741,ER fast track computers completely unable to acquire IP addresses.,The DHCP scope for the emergency room subnet appears to be completely exhausted. Please increase the IP pool.,Network,Critical,1000,À Traiter (Actif),False,DHCPScope,ER,2026-02-27 00:00:00,User_051
TIC-0743,Pharmacy internal network isolated from the main hospital servers.,A routing table error is preventing the pharmacy from communicating with the patient admission and billing systems completely.,Network,Critical,1000,À Traiter (Actif),False,RouteTable,Pharmacy,2026-02-27 00:30:00,User_088
TIC-0733,Warehouse inventory scanners constantly disconnecting from the access points.,The devices lose wifi connection every time a worker walks behind the metal shelving racks. We need repeaters.,Network,High,1000,À Traiter (Actif),False,ScanWifi,Stock,2026-02-26 22:00:00,User_067
TIC-0968,Inventory handheld scanners fail to connect to enterprise wifi.,"The access point certificates expired, leaving the stockroom clerks unable to digitally receive the morning pallet deliveries quickly.",Network,High,1000,À Traiter (Actif),False,WifiScan,Stock,2026-03-01 08:45:00,User_062
TIC-1248,Chief neurosurgeon denied access to the digital dictation server.,"Greetings, his profile was mysteriously deactivated. He cannot transcribe his complex operative notes from this morning's surgery.",Network,High,1000,À Traiter (Actif),False,BloodSync,Lab,2026-03-04 06:45:00,User_042
TIC-0755,Physiotherapy assessment tablets completely fail to connect to the wifi.,"The tablets are authenticating properly, but the access point is refusing to hand out any internet traffic routing.",Network,Medium,1000,À Traiter (Actif),False,APRoute,Physiotherapy,2026-02-27 03:30:00,User_067
TIC-1249,Sleep study observation cameras experience massive video feed network latency.,"Good morning, the video buffers constantly. We cannot correlate physical twitches with the live brainwave electrical data properly.",Network,High,1000,À Traiter (Actif),False,AppHang,Neurology,2026-03-04 07:00:00,User_015
TIC-1262,Hospital directory touchscreen app crashes when searching for surgery completely.,"Hi IT, typing the letter S causes a fatal application close. Visitors are incredibly confused and lost currently.",Network,Medium,1000,À Traiter (Actif),False,EchoWifi,Cardiology,2026-03-04 10:15:00,User_027
TIC-0881,Emergency room portable ultrasound cart disconnected from the hidden wifi.,The machine cannot find the secure clinical network to upload images because the access point stopped broadcasting entirely.,Network,High,1000,À Traiter (Actif),False,WifiHidden,ER,2026-02-28 11:00:00,User_076
TIC-0868,Laboratory immunology testing machine loses connection to the interface engine.,The blood results are trapped on the local machine and cannot cross the network bridge into patient charts.,Network,High,1000,À Traiter (Actif),False,InterfaceNet,Lab,2026-02-28 07:45:00,User_062
TIC-0757,Maternity ward central fetal monitoring station lost server connection.,The main display cannot retrieve the telemetry data from the local database server. The network link is broken.,Network,Critical,1000,À Traiter (Actif),False,DBLink,Maternity,2026-02-27 04:00:00,User_049
TIC-0751,Reception desk IP phone system unable to connect to SIP trunk.,The front desk cannot make or receive any external phone calls. The internal network connection to the provider failed.,Network,High,1000,À Traiter (Actif),False,SIPTrunk,Reception,2026-02-27 02:30:00,User_055
TIC-0760,Cardiology stress test treadmill ethernet port is physically broken.,"The network cable will not seat properly into the machine, causing intermittent data loss during patient cardiac testing.",Network,Medium,1000,À Traiter (Actif),False,EthPort,Cardiology,2026-02-27 04:45:00,User_008
TIC-0763,Pharmacy label printer fails to resolve the print server hostname.,The printer is online but cannot find the server via DNS. Printing by direct IP address works as a workaround.,Network,Medium,1000,À Traiter (Actif),False,DNSPrint,Pharmacy,2026-02-27 05:30:00,User_051
TIC-0767,Laboratory reagent inventory tablet cannot connect to the hidden SSID.,"The wireless network name was changed, and the older tablets are failing to authenticate with the new network credentials.",Network,Low,1000,À Traiter (Actif),False,SSIDHidden,Lab,2026-02-27 06:30:00,User_004
TIC-0764,Radiology DICOM image router sending files to the wrong destination.,Scans are being routed to the backup storage array instead of the primary diagnostic viewing workstations. Fix the routing.,Network,High,1000,À Traiter (Actif),False,DicomRoute,Radiology,2026-02-27 05:45:00,User_014
TIC-0727,Laboratory instrument network bridge is failing to transmit data.,"The hematology analyzers are working, but the bridge device is failing to push the data to the server.",Network,High,1000,À Traiter (Actif),False,LabBridge,Lab,2026-02-26 20:30:00,User_015
TIC-0731,Reception area thin clients cannot resolve internal DNS names.,The computers cannot find the intranet portal because the domain name service is returning errors for local addresses.,Network,Medium,1000,À Traiter (Actif),False,DNSRoute,Reception,2026-02-26 21:30:00,User_093
TIC-1556,Locum pediatric nurse lacks profile for medication dispenser.,Dear team. The temporary staff member was not added to the secure cabinet database. She cannot retrieve the required infant antibiotics.,Network,Medium,1000,À Traiter (Actif),False,BalanceBoard,Physiotherapy,2026-03-06 21:45:00,User_082
TIC-0725,Guest wifi is assigning overlapping IP addresses to devices.,Patients in the intensive care waiting room are losing internet access because the DHCP server configuration is broken.,Network,Low,1000,À Traiter (Actif),False,DHCPGuest,ICU,2026-02-26 20:00:00,User_023
TIC-0736,Dialysis clinic network switch experiencing severe packet loss today.,The electronic health records are taking five minutes to load due to corrupted network traffic on this subnet.,Network,High,1000,À Traiter (Actif),False,SubnetSwitch,Dialysis,2026-02-26 22:45:00,User_019
TIC-1577,Main lobby phone system external trunk is completely dead.,Good morning. The digital switchboard cannot process any incoming calls from the public. We are totally isolated from the outside world.,Network,Critical,1000,À Traiter (Actif),False,PressLink,Dialysis,2026-03-07 03:00:00,User_067
TIC-1583,Newborn hearing screening software deletes data upon completion.,Hi there. The application runs the test perfectly but erases the results instantly when the nurse attempts to save the file.,Network,Critical,1000,À Traiter (Actif),False,OrganTemp,Surgery,2026-03-07 04:30:00,User_099
TIC-1580,Parking garage security cameras exposed to public internet.,Hello team. A firewall misconfiguration allows anyone to view the live video feeds of the staff parking area without any password.,Network,Medium,1000,À Traiter (Actif),False,BPBlue,Outpatient Clinic,2026-03-07 03:45:00,User_019
TIC-0518,Pharmacy network firewall is blocking access to the national drug shortage database.,We cannot check alternative supply routes because the external website is restricted by new security rules. Please whitelist this crucial government domain on the main router.,Network,Medium,1000,À Traiter (Actif),False,FirewallPharma,Pharmacy,2026-02-24 16:15:00,User_027
TIC-0525,Portable x-ray machine wireless transmitter fails to connect to hospital routers.,The technicians cannot upload bedside chest films directly from the intensive care unit. They have to wheel the machine all the way back to a wired port.,Network,Medium,1000,À Traiter (Actif),False,PortXray,Radiology,2026-02-24 18:00:00,User_023
TIC-1241,New microbiology technician lacks permissions for the incubator module.,"Hello team, she cannot digitally log the bacterial culture growth because her account has read only access completely.",Network,Critical,1000,À Traiter (Actif),False,PhoneTrunk,ER,2026-03-04 05:00:00,User_051
TIC-1230,Digital x-ray detector throws an internal communication fault entirely.,"Dear IT, the wireless plate refuses to synchronize with the console. We must use wired backups currently.",Network,High,1000,À Traiter (Actif),False,TrialPass,Oncology,2026-03-04 02:15:00,User_012
TIC-1617,Anesthesia digital record software disconnects from the central server.,"Greetings, the network session times out constantly. The digital charts are failing to synchronize during the live operative procedures.",Network,Critical,1000,À Traiter (Actif),False,AnesthSync,Surgery,2026-03-10 14:45:00,User_082
TIC-1602,Dialysis central dashboard calculates totally wrong fluid targets.,Good morning. The math engine is corrupted. Following these automated metrics would severely dehydrate our highly vulnerable kidney patients. Fix it.,Network,High,1000,À Traiter (Actif),False,ERTablet,ER,2026-03-07 09:15:00,User_015
TIC-1600,Emergency intercom VoIP phone in garage drops network.,Hello team. The panic button disconnects instantly. Visitors cannot reach the security guards during a crisis. Check the underground ethernet wiring.,Network,Critical,1000,À Traiter (Actif),False,VaxTemp,Outpatient Clinic,2026-03-07 08:45:00,User_082
TIC-1590,New radiology technician denied access to scheduling portal.,Hello team. His active directory profile is missing the department specific permissions required to view the upcoming MRI patient arrival list.,Network,High,1000,À Traiter (Actif),False,PortCab,Oncology,2026-03-07 06:15:00,User_062
TIC-0985,Clinic waiting room guest wifi bypasses hospital content filters.,The dialysis patients are accessing heavily restricted internet sites because the gateway proxy completely failed on this subnet.,Network,Low,1000,À Traiter (Actif),False,GuestFilter,Dialysis,2026-03-01 13:00:00,User_051
TIC-1111,Central telemetry network switch loses power every two hours.,"Hello, the vital sign monitors drop offline constantly. The localized network switch seems to have a failing power supply.",Network,Critical,1000,À Traiter (Actif),False,BabyTag,Pediatrics,2026-03-02 20:30:00,User_067
TIC-1106,Ambulance tracking GPS monitor fails to update locations today.,"Hello IT, the screen shows ambulances frozen miles away. We cannot coordinate incoming trauma arrivals effectively without live tracking.",Network,Critical,1000,À Traiter (Actif),False,VentDash,ICU,2026-03-02 19:15:00,User_071
TIC-1101,Main triage tablets completely fail to acquire network IP.,"The intake devices cannot connect to the wireless network, forcing staff to use slow paper registration forms.",Network,Critical,1000,À Traiter (Actif),False,WifiNet,ER,2026-03-02 18:00:00,User_012
TIC-0770,Pediatric ward visitor log iPad completely disconnected from the network.,The device cannot sync the signed waivers to the cloud database. The local wifi adapter seems entirely dead.,Network,Medium,1000,À Traiter (Actif),False,iPadWifi,Pediatrics,2026-02-27 07:15:00,User_042
TIC-1095,Electron microscope workstation loses connection to the storage array.,The massive high resolution image files cannot be saved because the dedicated network attached storage is totally unreachable.,Network,High,1000,À Traiter (Actif),False,MicroStore,Pathology,2026-03-02 16:30:00,User_055
TIC-0776,Dialysis central water monitor drops network connection during filter flushes.,The network switch seems to reboot itself whenever the heavy water pumps engage. It might be an electrical interference issue.,Network,High,1000,À Traiter (Actif),False,PumpInterfere,Dialysis,2026-02-27 08:45:00,User_034
TIC-0773,Warehouse inventory database firewall rules blocking remote vendor support connections.,The support engineers cannot remote into the server to fix a software bug because our firewall drops their IP.,Network,Medium,1000,À Traiter (Actif),False,VendorWall,Stock,2026-02-27 08:00:00,User_055
TIC-0786,Admissions portal firewall blocking access to the national identity database.,We cannot verify patient identification numbers because our outgoing traffic to the government server is being dropped silently.,Network,High,1000,À Traiter (Actif),False,GovWall,Admissions,2026-02-27 11:15:00,User_014
TIC-0817,Dialysis central water temperature monitor loses connection to sensors.,The digital readouts show zero degrees for the filtration fluid. We cannot safely dialyze without accurate temperatures.,Network,High,1000,À Traiter (Actif),False,TempSens,Dialysis,2026-02-27 19:00:00,User_099
TIC-0789,Oncology patient education tablets cannot reach the external video host.,"The clinical tablets are failing to resolve the DNS for the educational website, preventing patients from watching their treatment guides.",Network,Medium,1000,À Traiter (Actif),False,VideoDNS,Oncology,2026-02-27 12:00:00,User_004
TIC-0783,Pharmacy compounding robot loses network connection during sterile mixing process.,"The machine halts entirely when the connection drops, forcing us to discard partially mixed intravenous bags to ensure safety.",Network,Critical,1000,À Traiter (Actif),False,RobotNet,Pharmacy,2026-02-27 10:30:00,User_099
TIC-1644,Blood bank inventory database drops local area network connection.,"Good morning, the server is unreachable. Technicians cannot digitally reserve the necessary trauma blood units for the emergency room.",Network,High,1000,À Traiter (Actif),False,BankNet,Lab,2026-03-10 21:30:00,User_099
TIC-0798,Pathology dictation software license server unreachable across the internal network.,The dictation application will not launch because it cannot verify its software license with the server hosted in the basement.,Network,High,1000,À Traiter (Actif),False,LicenseNet,Pathology,2026-02-27 14:15:00,User_034
TIC-1269,Automated dishwashing sanitation controller throws a fatal water pressure error.,"Good morning, the machine halted completely. We are forced to serve patient meals on disposable paper plates currently.",Network,High,1000,À Traiter (Actif),False,CamLag,Neurology,2026-03-04 12:00:00,User_023
TIC-0801,Emergency ultrasound machine fails to upload scans to server.,The portable cart cannot push trauma images to the central database. Please replace the defective wireless adapter.,Network,High,1000,À Traiter (Actif),False,UltraSync,ER,2026-02-27 15:00:00,User_012
TIC-1277,Security camera video server in the basement drops offline completely.,"Hi IT, the ethernet cable was severed. We have zero visual surveillance in the dark underground parking levels.",Network,Critical,1000,À Traiter (Actif),False,ShiftTag,Dialysis,2026-03-04 14:00:00,User_067
TIC-0857,Dialysis central network switch fails to distribute IP addresses properly.,The blood filtration machines cannot communicate with the central monitoring desk because the DHCP server is completely unresponsive.,Network,Critical,1000,À Traiter (Actif),False,DHCPFail,Dialysis,2026-02-28 05:00:00,User_049
TIC-0861,Emergency room portable x-ray unit wireless transmitter drops packets heavily.,The imaging data arrives completely corrupted because the wireless link is highly unstable. The antenna might be broken.,Network,High,1000,À Traiter (Actif),False,WifiXray,ER,2026-02-28 06:00:00,User_099
TIC-0779,Outpatient clinic waiting room display board disconnected from the LAN.,The screen cannot show the queue numbers because the ethernet cable was physically pulled out of the wall socket.,Network,Low,1000,À Traiter (Actif),False,CablePull,Outpatient Clinic,2026-02-27 09:30:00,User_049
TIC-0792,Kitchen meal ordering terminal dropping network connection due to IP conflict.,Another device on the network was statically assigned the same IP address as the main kitchen terminal. Resolve the conflict.,Network,Medium,1000,À Traiter (Actif),False,IPConflict,Kitchen,2026-02-27 12:45:00,User_042
TIC-0795,Physiotherapy clinic laptops experiencing severe wireless network packet latency today.,"The network ping times are over a thousand milliseconds, making the cloud-based patient documentation software completely unusable for the therapists.",Network,High,1000,À Traiter (Actif),False,PingSpike,Physiotherapy,2026-02-27 13:30:00,User_055
TIC-1667,Kitchen inventory management database drops connection to the server.,"Greetings, the application cannot reach the backend. The chef is unable to digitally log the daily food supply levels.",Network,Medium,1000,À Traiter (Actif),False,DietSync,Kitchen,2026-03-11 03:15:00,User_027
TIC-1659,Neonatal intensive care digital charting application loses server sync.,"Good morning, the local application cannot ping the database. The electronic vital sign records are not saving properly today.",Network,Critical,1000,À Traiter (Actif),False,NICUSync,Pediatrics,2026-03-11 01:15:00,User_034
TIC-0475,Exit gate credit card reader throws a network timeout error during authorization.,"The machine reads the card, thinks for two minutes, and then fails. We have a massive line of angry drivers trapped at the exit. Reboot the gateway.",Network,Medium,1000,À Traiter (Actif),False,CardAuth,Car park,2026-02-24 05:30:00,User_093
TIC-0478,Wearable patient gait tracking sensors fail to synchronize data with the clinic tablets.,"The bluetooth connection drops every five seconds, making it impossible to analyze the walking patterns of stroke victims. The sensor firmware needs a desperate bug fix update.",Network,High,1000,À Traiter (Actif),False,GaitSync,Physiotherapy,2026-02-24 06:15:00,User_082
TIC-1634,Bedside digital monitoring nodes drop IP addresses from DHCP.,"Good morning, the network router fails to assign local addresses. The digital machines cannot communicate with the central server.",Network,Critical,1000,À Traiter (Actif),False,NodeDHCP,ICU,2026-03-10 19:00:00,User_055
TIC-0780,Cardiology department shared network drive mapped to the wrong department.,The cardiologists open their shared drive and see the kitchen inventory spreadsheets instead of their clinical research data.,Network,High,1000,À Traiter (Actif),False,DriveMap,Cardiology,2026-02-27 09:45:00,User_019
TIC-0996,Telehealth video conferencing portal completely drops audio after connection.,"The doctor and patient can see each other perfectly, but the sound fails constantly. Restart the media server.",Network,High,1000,À Traiter (Actif),False,TeleSound,Outpatient Clinic,2026-03-01 15:45:00,User_012
TIC-1088,Epidural medication infusion pumps disconnect from the central server.,The anesthesiologist cannot remotely verify the pain medication delivery rates because the wireless network is completely unstable today.,Network,High,1000,À Traiter (Actif),False,EpiWifi,Maternity,2026-03-02 14:45:00,User_031
TIC-1027,Bedside ventilator monitoring software drops the wireless network connection.,We cannot remotely observe the respiratory pressures because the access point in room four died. Fix the router.,Network,High,1000,À Traiter (Actif),False,VentWifi,ICU,2026-03-01 23:30:00,User_015
TIC-1714,Cardiology teleconference application drops the digital audio feed continuously.,"Good morning, the network routing protocol is terminating the voice packets. Remote consultations with patients are completely impossible today.",Network,High,1000,À Traiter (Actif),False,TeleCardio,Cardiology,2026-03-10 14:00:00,User_093
TIC-1334,Neurology sleep apnea mask pressure sensor loses bluetooth pairing.,"Greetings, the wireless monitoring connection drops constantly. We cannot record the airway resistance during the overnight clinical studies.",Network,Medium,1000,À Traiter (Actif),False,InsureNet,Admissions,2026-03-05 04:15:00,User_082
TIC-1706,Emergency room triage application routing logic drops network packets.,"Hello team, the virtual private network tunnel is failing. Remote attending physicians cannot access the digital intake system securely.",Network,Critical,1000,À Traiter (Actif),False,TriageNet,ER,2026-03-10 12:00:00,User_042
TIC-1328,Surgical smoke evacuation system touchscreen requires an unknown password.,"Hello IT, we cannot turn on the ventilation vacuum because the digital lock demands an administrative override code.",Network,Critical,1000,À Traiter (Actif),False,BedWifi,ICU,2026-03-05 02:45:00,User_071
TIC-1323,Maternity birthing tub digital water temperature mixer locks out.,"Good morning, the control panel requires a forgotten service PIN. We cannot fill the water bath for labor.",Network,High,1000,À Traiter (Actif),False,CTSync,Radiology,2026-03-05 01:30:00,User_004
TIC-1276,Automated ticket dispenser machine throws a severe mechanical exception completely.,"Hello team, the internal paper cutting blade is jammed. Visitors cannot enter the garage because tickets won't print.",Network,Medium,1000,À Traiter (Actif),False,BlueDrop,Physiotherapy,2026-03-04 13:45:00,User_034
TIC-1297,Voice dictation software cannot upload audio files to the shared server.,"Hi IT, the local network port is dropping the large sound files. Transcriptions for surgical teams are delayed.",Network,Low,1000,À Traiter (Actif),False,TVAp,Dialysis,2026-03-04 19:00:00,User_093
TIC-0806,Intensive care ventilator telemetry drops from the central dashboard.,Respiratory rates are no longer visible at the nursing station. The localized network switch appears entirely unresponsive.,Network,Critical,1000,À Traiter (Actif),False,VentDash,ICU,2026-02-27 16:15:00,User_071
TIC-1290,Night shift technicians locked out of the water purity logs.,"Dear IT, they cannot initiate treatments because their profiles lack permission to verify the filtration safety checklists today.",Network,Critical,1000,À Traiter (Actif),False,RadLink,Oncology,2026-03-04 17:15:00,User_062
TIC-1344,Pathology tissue embedding center cooling plate thermostat is broken.,"Good morning, the digital controller is stuck on maximum heat. The wax will not solidify around the biopsies.",Network,Medium,1000,À Traiter (Actif),False,SleepLag,Neurology,2026-03-05 06:45:00,User_031
TIC-1006,Ambulance bay routing tablet loses wireless connection constantly today.,Paramedics cannot send early trauma notifications because the outdoor access point is completely offline. Please dispatch a technician.,Network,High,1000,À Traiter (Actif),False,AmbRoute,ER,2026-03-01 18:15:00,User_071
TIC-1338,Kitchen special diet label printer barcode scanner is broken.,"Dear IT, the laser element died. We cannot scan the meal trays to ensure the allergy profiles match.",Network,High,1000,À Traiter (Actif),False,ChemLink,Lab,2026-03-05 05:15:00,User_008
TIC-0495,Voice dictation software is refusing to save audio files to the shared network.,"The software works locally, but cannot push the files to the transcriptionists. The network drive mapping seems to have dropped off the local machines. Re-map the drives.",Network,Medium,1000,À Traiter (Actif),False,DictateNet,Pathology,2026-02-24 10:30:00,User_055
TIC-1724,Intravenous compounding software drops local area network connection continuously.,"Good morning, the application cannot ping the server. The digital formulas are completely unavailable for the mixing technicians today.",Network,High,1000,À Traiter (Actif),False,MixNet,Pharmacy,2026-03-10 16:30:00,User_051
TIC-0463,Walk-in refrigerator digital temperature logging system lost connection to the main server.,We are legally required to log the food temperatures every hour. The wireless sensors have dropped off the network completely. Restart the access point in the kitchen.,Network,High,1000,À Traiter (Actif),False,FridgeLog,Kitchen,2026-02-24 02:30:00,User_051
TIC-1314,Neurological electromyography needle stimulator delivers zero electrical current reliably.,"Hello IT, the software sends the command but the hardware fails. We cannot test the patient nerve responses.",Network,Critical,1000,À Traiter (Actif),False,RoboNet,Surgery,2026-03-04 23:15:00,User_019
TIC-0841,Emergency room digital trauma clock entirely fails to synchronize time.,"The seconds are lagging, ruining our ability to accurately track resuscitation protocols. The network time protocol is failing.",Network,High,1000,À Traiter (Actif),False,NTPClock,ER,2026-02-28 01:00:00,User_051
TIC-1307,Cardiology contrast dye warmer completely loses network temperature monitoring.,"Hello IT, the fluid heater dropped off the wifi. We cannot verify if the injection dye is safe.",Network,Critical,1000,À Traiter (Actif),False,HeartPredict,Cardiology,2026-03-04 21:30:00,User_055
TIC-1684,Rehabilitation clinic digital assessment tablets cannot resolve DNS addresses.,"Good morning, the local network cannot find the cloud servers. Therapists are completely disconnected from the digital patient charts.",Network,High,1000,À Traiter (Actif),False,RehabDNS,Physiotherapy,2026-03-11 07:30:00,User_049
TIC-0483,Dialysis patient entertainment tablets are completely locked out of the wireless network.,Our patients sit here for four hours at a time. The tablets cannot connect to the internet because the MAC address filter seems to have blocked them mistakenly.,Network,Low,1000,À Traiter (Actif),False,TabletNet,Dialysis,2026-02-24 07:30:00,User_099
TIC-1737,Insurance verification API integration drops the secure network connection.,"Greetings, the digital handshake with the national database fails constantly. We cannot verify patient financial coverage securely today completely.",Network,High,1000,À Traiter (Actif),False,VerifyAPI,Admissions,2026-03-10 19:45:00,User_034
TIC-1699,Electron microscope imaging workstation loses network connection to storage.,"Good morning, the massive digital files timeout during the transfer. The dedicated data network switch requires an immediate reboot.",Network,Critical,1000,À Traiter (Actif),False,MicroNet,Pathology,2026-03-11 11:15:00,User_071
TIC-1692,Central fetal monitoring server drops digital connection to rooms.,"Greetings, the network bridge failed. The nurses at the main desk are entirely blind to the digital heart rhythms.",Network,Critical,1000,À Traiter (Actif),False,FetalSync,Maternity,2026-03-11 09:30:00,User_088
TIC-0822,Cardiology network switch reboots itself every fifteen minutes randomly.,The hardware failure interrupts all echocardiogram uploads to the server constantly. We need a replacement Cisco switch.,Network,High,1000,À Traiter (Actif),False,CiscoNet,Cardiology,2026-02-27 20:15:00,User_031
TIC-0834,Warehouse inventory tablets drop wireless signals behind concrete pillars.,"The access points do not penetrate the structural supports, leaving staff unable to scan pallets in corner aisles.",Network,Medium,1000,À Traiter (Actif),False,WifiDrop,Stock,2026-02-27 23:15:00,User_082
TIC-1048,Oncology patient education tablets cannot reach the video server.,The devices connect to wifi but fail to resolve the internal domain name for the educational streaming service.,Network,Medium,1000,À Traiter (Actif),False,EduVideo,Oncology,2026-03-02 04:45:00,User_042
TIC-1055,Neonatal incubator central monitoring station drops all wireless telemetry.,We cannot see the premature babies' vital signs from the desk. The dedicated router seems completely dead today.,Network,Critical,1000,À Traiter (Actif),False,NICUNet,Pediatrics,2026-03-02 06:30:00,User_067
TIC-1057,Public announcement system microphone routes audio to the basement.,Paging for a doctor in the lobby broadcasts the sound into the empty morgue instead. Fix the routing.,Network,High,1000,À Traiter (Actif),False,MicRoute,Reception,2026-03-02 07:00:00,User_049
TIC-0404,Bluetooth connection between the defibrillator and central monitoring dropped completely.,"During a severe cardiac arrest, we lost remote visibility of the heart rhythm. The resuscitation team had to crowd the bed. This network failure is terrifying.",Network,High,1000,À Traiter (Actif),False,DefibSync,ER,2026-02-23 11:45:00,User_023
TIC-1285,Electronic spinal traction table software throws a fatal overpressure error.,"Dear IT, the machine shut down to prevent severely injuring the patient. The mechanical controller needs urgent recalibration.",Bug,High,800,À Traiter (Actif),False,ContrastInv,Radiology,2026-03-04 16:00:00,User_051
TIC-1327,Cardiology electrocardiogram lead placement software misidentifies the chest wires.,"Greetings, the application says the green wire is red. This graphical bug delays our urgent cardiac patient assessments.",Bug,Low,800,À Traiter (Actif),False,FlowDupe,ICU,2026-03-05 02:30:00,User_015
TIC-1257,Infant abduction alarm system disabled by an unauthorized external IP.,"Hi IT, someone from outside the hospital logged into the security console. We are completely locking down doors.",Bug,Critical,800,À Traiter (Actif),False,WeightDrop,Dialysis,2026-03-04 09:00:00,User_049
TIC-0481,Dialysis machine user interface is frozen on a critical air bubble warning.,"The machine stopped the blood pump, but there is no actual air in the line. We cannot clear the digital warning to resume the life-saving treatment session.",Bug,High,800,À Traiter (Actif),False,DialyRun,Dialysis,2026-02-24 07:00:00,User_076
TIC-1009,Patient tracking whiteboard deletes arriving emergency cases entirely automatically.,The digital display purges new entries after five minutes. We are losing track of critical patients waiting outside.,Bug,High,800,À Traiter (Actif),False,ERBoard,ER,2026-03-01 19:00:00,User_093
TIC-1109,Pneumatic tube delivery station door mechanism physically jammed shut.,"Good morning, the plastic door is stuck closed. We cannot retrieve the urgent medication cylinders sent from the basement.",Bug,Medium,800,À Traiter (Actif),False,SeizureCam,Neurology,2026-03-02 20:00:00,User_093
TIC-0471,Staff parking garage boom gate drops down entirely too fast hitting vehicles.,The safety sensor logic is flawed. The heavy gate just smashed the windshield of a surgeon's car while they were swiping their badge. Disable the gate immediately.,Bug,High,800,À Traiter (Actif),False,GateLogic,Car park,2026-02-24 04:30:00,User_015
TIC-0520,Electronic prescription verification queue randomly hides incoming orders from the physicians.,We are missing urgent medication requests because they simply do not appear on the pharmacist dashboard. The database query seems to be dropping specific table entries.,Bug,High,800,À Traiter (Actif),False,RxVerify,Pharmacy,2026-02-24 16:45:00,User_014
TIC-1522,Blood filtration machine triggers false critical pressure warnings.,"Good morning. The software screams that the filter is clogged, but the physical lines are perfectly clear. This interrupts life-saving treatment.",Bug,Medium,800,À Traiter (Actif),False,LeadPlace,Cardiology,2026-03-06 13:15:00,User_031
TIC-1184,Medical examiner locked out of the digital dictation platform.,"Hi team, the system says her license token is invalid. She cannot transcribe the urgent biopsy findings for surgeons.",Bug,Medium,800,À Traiter (Actif),False,MixCheck,Pharmacy,2026-03-03 14:45:00,User_027
TIC-1435,Critical care physicians denied access to the surgical notes.,"Dear team, they cannot read the operative reports for their recovering patients. Update the cross-departmental electronic chart roles.",Bug,Low,800,À Traiter (Actif),False,NameWipe,Admissions,2026-03-05 06:15:00,User_039
TIC-0920,Pharmacy automated dispensing cabinet robotic arm motor overheats frequently.,"The machine halts operations to cool down, causing severe delays in delivering urgent intensive care unit medications.",Bug,Critical,800,À Traiter (Actif),False,RobotDispense,Pharmacy,2026-02-28 20:45:00,User_014
TIC-0903,Suture cart inventory scanner fails to read supply barcodes.,"The laser lens is scratched, preventing us from digitally checking out critical wound closure materials during traumas.",Bug,Medium,800,À Traiter (Actif),False,ScanTool,ER,2026-02-28 16:30:00,User_088
TIC-1739,Admissions digital intake form erases all emergency contact fields.,"Good morning, the software bug purges the phone numbers upon saving. The electronic records are left without critical contacts.",Bug,Medium,800,À Traiter (Actif),False,ContactWipe,Admissions,2026-03-10 20:15:00,User_082
TIC-1023,Picture archiving system displays patient scans entirely upside down.,"The rendering engine flips every chest x-ray vertically, causing massive frustration and delaying urgent emergency room trauma diagnoses.",Bug,Medium,800,À Traiter (Actif),False,PACSView,Radiology,2026-03-01 22:30:00,User_004
TIC-0507,Portable ultrasound battery charging dock causes a localized electrical breaker trip.,Plugging in the diagnostic machine instantly kills the power to half the trauma bay. This faulty hardware is putting multiple critical patient monitors at risk.,Bug,High,800,À Traiter (Actif),False,UltraDock,ER,2026-02-24 13:30:00,User_055
TIC-0981,Hemodialysis machine touch screen freezes on critical air warning.,"The machine halted blood flow safely, but the frozen software prevents us from clearing the error to resume.",Bug,High,800,À Traiter (Actif),False,DialyFreeze,Dialysis,2026-03-01 12:00:00,User_076
TIC-0646,Laboratory centrifuge lid lock mechanism failed entirely.,"The safety latch will not release, trapping twelve critical blood samples inside the spinning chamber.",Error,High,700,À Traiter (Actif),False,SpinLock,Lab,2026-02-26 00:15:00,User_062
TIC-1194,Deep brain stimulator tuning tablet displays a fatal crash.,"Hi there, the application locked up while adjusting the implant voltage. The software needs a complete and urgent reinstall.",Error,Critical,700,À Traiter (Actif),False,POAuth,Stock,2026-03-03 17:15:00,User_071
TIC-0643,X-ray image viewer displays images completely inverted vertically.,"The rendering software is flipping chest films upside down, making rapid diagnostics incredibly frustrating today.",Error,Low,700,À Traiter (Actif),False,ImageRender,Radiology,2026-02-25 23:30:00,User_088
TIC-1526,Emergency priority sorting algorithm buries critical gunshot wounds.,"Dear IT, the software is classifying massive hemorrhages as minor ailments. This clinical sorting logic failure requires an absolute immediate rollback.",Error,Critical,700,À Traiter (Actif),False,RotaBed,ICU,2026-03-06 14:15:00,User_042
TIC-0452,Neonatal intensive care unit central nursing station computers are totally frozen solid.,"We cannot chart feedings, check critical lab results, or monitor vital trends for the premature babies. A hard physical reboot does not fix the freezing. Replace terminals.",Error,Critical,700,À Traiter (Actif),False,NICUBase,Pediatrics,2026-02-23 23:45:00,User_012
TIC-0439,Mass spectrometer exhaust ventilation software is showing a critical failure warning.,"If the ventilation actually fails, the lab will fill with highly toxic chemical fumes. We evacuated the room as a precaution. Send a technician to verify sensors.",Error,Critical,700,À Traiter (Actif),False,VentControl,Lab,2026-02-23 20:30:00,User_099
TIC-1019,Pneumatic tube routing software throws a massive delivery exception.,Urgent medications are getting stuck in the walls because the destination logic module crashed hard. Restart the server.,Error,High,700,À Traiter (Actif),False,TubeRoute,Pharmacy,2026-03-01 21:30:00,User_051
TIC-1012,Anesthesia gas mixer interface shows a catastrophic system failure.,"The digital screen went black, leaving us relying entirely on manual backup dials. This equipment requires urgent replacement.",Error,Critical,700,À Traiter (Actif),False,GasMix,Surgery,2026-03-01 19:45:00,User_082
TIC-0991,Digital tissue slide scanner lens motor reports fatal exception.,"The autofocus mechanism jammed, preventing us from digitizing any urgent cancer biopsies for the waiting surgical teams upstairs.",Error,Critical,700,À Traiter (Actif),False,LensMotor,Pathology,2026-03-01 14:30:00,User_023
TIC-1593,Laboratory instrument connection bridge drops all network packets.,"Hi there. The hardware translating data from the analyzers to the server is failing, trapping critical blood results on local machines.",Error,High,700,À Traiter (Actif),False,TrayHeat,Kitchen,2026-03-07 07:00:00,User_015
TIC-1772,Warehouse inventory database API throws a fatal timeout exception.,"Greetings, the digital integration with our suppliers is down. We cannot electronically transmit the daily bulk medical purchase orders.",Error,Critical,700,À Traiter (Actif),False,StockAPI,Stock,2026-03-11 04:30:00,User_004
TIC-1419,Anesthesia depth monitor algorithm misinterprets the brain wave patterns.,"Hello, the system falsely claims the patient is waking up. The interpretation logic requires an urgent vendor patch.",Error,Medium,700,À Traiter (Actif),False,RxPrint,Pharmacy,2026-03-05 02:00:00,User_072
TIC-1311,Intensive care continuous brain wave monitoring cap drops bluetooth.,"Hello, the wireless skull cap disconnects continuously. We are losing critical seizure activity data for the comatose patient.",Error,Critical,700,À Traiter (Actif),False,AnesthSys,Surgery,2026-03-04 22:30:00,User_067
TIC-0816,Physiotherapy laser treatment device throws an internal voltage exception.,The machine shut itself down to prevent emitting a dangerous energy spike. It requires vendor biomedical maintenance.,Error,Critical,700,À Traiter (Actif),False,LaserHeal,Physiotherapy,2026-02-27 18:45:00,User_008
TIC-0635,Dialysis water purity logs altered by an unknown user.,The database timestamps show critical water filtration safety logs were modified at three in the morning.,Error,Critical,700,À Traiter (Actif),False,WaterLog,Dialysis,2026-02-25 21:30:00,User_049
TIC-1431,Intensive care unit central nursing station mouse is broken.,"Hello IT, the cursor jumps erratically across the dual monitors. We cannot click on the critical patient alarms.",Error,Medium,700,À Traiter (Actif),False,IDDriver,Admissions,2026-03-05 05:15:00,User_058
TIC-0539,Microbiology lab specimen tracking barcode printer outputs completely blank sticky labels.,We cannot physically label the petri dishes for incoming wound swabs. The thermal print head seems to have completely failed overnight. We need a replacement unit urgently.,Error,Medium,700,À Traiter (Actif),False,MicroPrint,Lab,2026-02-24 21:30:00,User_099
TIC-0526,Continuous renal replacement therapy machine software displays a fatal pressure error.,"The dialysis process is completely halted for a critically ill patient. The physical pressure is normal, but the digital sensor forces a hard machine shutdown automatically.",Error,Critical,700,À Traiter (Actif),False,CRRTSafe,ICU,2026-02-24 18:15:00,User_042
TIC-1054,Baby formula warming device throws a digital thermal exception.,The machine shut down because the internal thermometer reading spiked artificially. The heating element requires biomedical engineering maintenance.,Error,High,700,À Traiter (Actif),False,WarmError,Pediatrics,2026-03-02 06:15:00,User_034
TIC-0428,Electronic medical record flowsheets are deleting all nursing notes upon saving.,Hours of critical hourly patient assessments are vanishing into thin air. We have no legal documentation of the care provided during the night shift. Restore the database.,Error,High,700,À Traiter (Actif),False,EMRFlow,ICU,2026-02-23 17:45:00,User_071
TIC-1289,Hemodialysis machine drops connection to the central monitoring server continually.,"Good morning, the network switch is failing. The nurses cannot observe the critical blood pressure trends from the desk.",Error,High,700,À Traiter (Actif),False,VoltCrash,Neurology,2026-03-04 17:00:00,User_004
TIC-1331,Intensive care rotaprone bed controller displays a fatal exception.,"Dear IT, the computer crashed while the patient was upside down. The mechanical rotation system is completely frozen.",Error,Medium,700,À Traiter (Actif),False,IDDriver,Admissions,2026-03-05 03:30:00,User_093
TIC-0866,Intensive care medication infusion pump displays a fatal battery error.,"The pump shuts down instantly when unplugged from the wall, making it impossible to transport critically ill patients.",Error,High,700,À Traiter (Actif),False,BatError,ICU,2026-02-28 07:15:00,User_031
TIC-1576,Infant abduction alarm software fails to disable properly.,"Dear team. The authorized nurse typed the correct override code, but the application ignored it, plunging the entire ward into lockdown.",Software,Critical,650,À Traiter (Actif),False,TreadSpeed,Physiotherapy,2026-03-07 02:45:00,User_034
TIC-1245,Hematology reporting application rounds down critical white cell counts.,"Dear IT, the software drops decimals entirely. This rounding error could mask a severe patient immune deficiency entirely.",Software,Critical,650,À Traiter (Actif),False,ScanWall,Radiology,2026-03-04 06:00:00,User_004
TIC-1146,Emergency room secure telephone system cannot dial external numbers.,"Hello, the routing trunk is completely down. Doctors cannot contact consulting specialists at other regional hospitals during severe traumas.",Software,Critical,650,À Traiter (Actif),False,FeedLogic,ICU,2026-03-03 05:15:00,User_062
TIC-1134,Cognitive assessment tablet application skips the memory recall section.,"Hello IT, the software simply jumps over five critical questions. We cannot accurately score the dementia patients today entirely.",Software,Medium,650,À Traiter (Actif),False,WifiDrop,Stock,2026-03-03 02:15:00,User_082
TIC-1595,Chemotherapy dosage calculator rounds vital decimal points down.,Hello IT. Dropping the exact milligram fractions could result in severely underdosing toxic cancer medications. This mathematical bug needs urgent patching.,Software,Medium,650,À Traiter (Actif),False,KeyCab,Car park,2026-03-07 07:30:00,User_055
TIC-1207,Fast track queuing algorithm places critical patients last.,"Hello IT, the software sorts trauma severity backward. This bug severely delays urgent life saving care completely.",Software,High,650,À Traiter (Actif),False,RegData,Admissions,2026-03-03 20:30:00,User_055
TIC-0408,Cardiac stress test treadmill software lost connection to the speed controller.,The machine ignored the shutdown command and kept accelerating while an elderly patient was walking. We had to pull the emergency physical plug from the wall.,Software,Critical,650,À Traiter (Actif),False,TreadSync,Cardiology,2026-02-23 12:45:00,User_012
TIC-1007,Triage symptom checker algorithm recommends discharge for severe trauma.,"The clinical logic is corrupted, scoring critical internal bleeding as a minor injury. Roll back this dangerous update.",Software,Critical,650,À Traiter (Actif),False,TriageLogic,ER,2026-03-01 18:30:00,User_055
TIC-1119,Warehouse inventory platform rounds down all syringe box quantities.,"Dear IT, the database math logic is broken. It changes fifty boxes to zero, triggering unnecessary automated reordering constantly.",Software,High,650,À Traiter (Actif),False,PathoVoice,Pathology,2026-03-02 22:30:00,User_051
TIC-0490,Breast milk digital tracking barcode system is mixing up maternal identification numbers.,This is a catastrophic risk. The system is telling us to give the wrong mother's milk to a baby in the nursery. Shut the database down right now.,Software,Critical,650,À Traiter (Actif),False,MilkTrack,Maternity,2026-02-24 09:15:00,User_062
TIC-0447,Radiation therapy linear accelerator software requires a mandatory update before operating.,"We have patients prepped and waiting, but the machine refuses to fire until a two-gigabyte patch is downloaded over our slow connection. Bypass this requirement temporarily.",Software,Medium,650,À Traiter (Actif),False,LinacOS,Oncology,2026-02-23 22:30:00,User_023
TIC-1235,Covering physician denied access to the critical care notes.,"Dear IT, the locum doctor cannot read the overnight intensive care updates. Update their active directory roles immediately.",Software,High,650,À Traiter (Actif),False,TicketDate,Car park,2026-03-04 03:30:00,User_049
TIC-1242,Laboratory centrifuge lid safety latch is physically jammed closed tightly.,"Hi IT, the spin cycle finished but we cannot extract the separated blood samples. Send mechanical help urgently.",Software,High,650,À Traiter (Actif),False,ReportWipe,Cardiology,2026-03-04 05:15:00,User_014
TIC-1755,Visiting oncologist lacks permission to view the digital pathology.,"Dear IT, the guest active directory role restricts imaging access. He cannot review the electronic biopsy slides for patients.",Access,Medium,600,À Traiter (Actif),False,VisitPath,Oncology,2026-03-11 00:15:00,User_071
TIC-0828,Laboratory blood gas analyzer requires an unknown administrative override code.,The machine demands a master password to clear a routine maintenance warning. We cannot process arterial blood.,Access,High,600,À Traiter (Actif),False,GasAdmin,Lab,2026-02-27 21:45:00,User_071
TIC-0821,Emergency department electronic prescribing tool rejects valid doctor credentials.,Physicians cannot order vital pain medications because the active directory sync has failed completely for this application.,Access,Critical,600,À Traiter (Actif),False,ePrescribe,ER,2026-02-27 20:00:00,User_088
TIC-1316,Pediatric vein finder light software crashes during intravenous insertions.,"Good morning, the infrared display freezes while nurses are placing needles. This causes extreme pain for the infants.",Access,Critical,600,À Traiter (Actif),False,SafeBio,Pharmacy,2026-03-04 23:45:00,User_008
TIC-1320,Car park electric vehicle charging station declines all payments.,"Greetings, the payment gateway token expired. Doctors cannot charge their electric cars during their long surgical shifts today.",Access,Critical,600,À Traiter (Actif),False,PharmSec,Pharmacy,2026-03-05 00:45:00,User_014
TIC-1050,Visiting oncologist denied access to the secure pathology archives.,His temporary credential lacks the necessary security group membership to view the biopsy results. Please elevate his permissions.,Access,Medium,600,À Traiter (Actif),False,PathoView,Oncology,2026-03-02 05:15:00,User_071
TIC-1056,Lobby receptionist account locked due to multiple failed logins.,"She mistyped her password, and the strict security policy locked her out. She cannot answer the main switchboard.",Access,Medium,600,À Traiter (Actif),False,ReceptLock,Reception,2026-03-02 06:45:00,User_082
TIC-1029,Night shift nurses locked out of the medication dispensers.,The automated cabinets failed to recognize the updated shift schedule. We cannot access essential life saving drugs currently.,Access,High,600,À Traiter (Actif),False,MedCab,ICU,2026-03-02 00:00:00,User_055
TIC-0867,Admissions department scanning terminal denies access to the domain network.,The computer fell off the active directory domain trust and cannot communicate with any internal hospital file servers.,Access,Medium,600,À Traiter (Actif),False,DomainTrust,Admissions,2026-02-28 07:30:00,User_004
TIC-0858,Maternity ward infant tracking portal locks out the security manager.,The head of security cannot view the live location of the babies due to a corrupted user profile.,Access,High,600,À Traiter (Actif),False,SecurLock,Maternity,2026-02-28 05:15:00,User_019
TIC-1272,Forklift mounted tablet computer physically crushed by a falling pallet.,"Hi IT, the hardware is completely destroyed. The logistics driver cannot digitally scan incoming shipments without a replacement.",Access,Low,600,À Traiter (Actif),False,WheelAuth,Reception,2026-03-04 12:45:00,User_071
TIC-1279,Physician secure entrance gate rejects all valid proximity identification cards.,"Good morning, the radio frequency reader lost connection to the database. Surgeons are completely trapped outside the building.",Access,High,600,À Traiter (Actif),False,TokenLock,Pathology,2026-03-04 14:30:00,User_049
TIC-0799,Outpatient clinic manager denied access to the electronic billing dispute system.,"She needs to resolve a patient charge, but the system says her authorization token expired and requires a manual renewal.",Access,Medium,600,À Traiter (Actif),False,TokenRenew,Outpatient Clinic,2026-02-27 14:30:00,User_067
TIC-0796,Dialysis technician biometric profile deleted from the central access control system.,The system wiped her fingerprint data. She cannot open the supply closets or log into the filtration machines today.,Access,High,600,À Traiter (Actif),False,BioWipe,Dialysis,2026-02-27 13:45:00,User_012
TIC-0793,Stockroom inventory auditor denied read access to the financial database.,"The external auditor needs temporary access to verify our supply chain valuations, but their temporary account lacks the correct roles.",Access,Medium,600,À Traiter (Actif),False,AuditRole,Stock,2026-02-27 13:00:00,User_015
TIC-0882,Cardiologist denied access to the regional electronic health record exchange.,The external database requires a new authentication token that the physician was never issued. Please provision their access.,Access,Medium,600,À Traiter (Actif),False,TokenNeed,Cardiology,2026-02-28 11:15:00,User_008
TIC-0790,Pediatric ward nurse locked out of the digital medication administration record.,"The nurse forgot her password and the self-service reset tool is sending emails to an old, deactivated email address.",Access,High,600,À Traiter (Actif),False,ResetFail,Pediatrics,2026-02-27 12:15:00,User_062
TIC-1036,Laboratory technicians denied permission to print final blood results.,Their active directory profiles were stripped of printing rights. Doctors are waiting for the physical copies during rounds.,Access,Medium,600,À Traiter (Actif),False,LabPrint,Lab,2026-03-02 01:45:00,User_019
TIC-0835,Car park automated payment server denies access to financial auditors.,The accounting team cannot pull the daily revenue logs because their active directory group permissions were completely stripped.,Access,High,600,À Traiter (Actif),False,AuditAccess,Car park,2026-02-27 23:30:00,User_049
TIC-0810,Oncology radiation therapy console denies access to the oncologist.,The physician cannot initiate the scheduled tumor treatment because her biometric profile was mysteriously wiped today.,Access,High,600,À Traiter (Actif),False,RadConsole,Oncology,2026-02-27 17:15:00,User_034
TIC-1310,Radiology lead apron tracking RFID system fails to scan.,"Dear IT, the radio frequency scanners are dead. We cannot inventory the protective radiation gear for annual compliance.",Access,Medium,600,À Traiter (Actif),False,SchedView,Cardiology,2026-03-04 22:15:00,User_034
TIC-1293,Central fetal monitoring display loses wireless connection to delivery rooms.,"Greetings, we are flying blind. The access point died and we cannot see the baby heart rates remotely.",Access,Medium,600,À Traiter (Actif),False,DietPass,Kitchen,2026-03-04 18:00:00,User_015
TIC-0845,Radiology viewing room diagnostic monitor power supply is emitting smoke.,The heavy workstation screen started burning and shut down. We have isolated the electrical circuit for safety reasons.,Support,Critical,600,À Traiter (Actif),False,PowerSupply,Radiology,2026-02-28 02:00:00,User_004
TIC-0843,Surgical department blood bank refrigerator requires an unknown administrative code.,"The temperature log settings are locked, and we cannot verify if the stored blood remained perfectly chilled overnight.",Access,High,600,À Traiter (Actif),False,FridgeLog,Surgery,2026-02-28 01:30:00,User_088
TIC-1374,Neurology digital reflex hammer tablet application freezes on impact.,"Hello, the software locks up exactly when the accelerometer registers the knee strike. We lose all diagnostic data.",Access,High,600,À Traiter (Actif),False,DocGate,Car park,2026-03-05 14:15:00,User_012
TIC-0698,Outpatient clinic patient portal denies all password reset requests.,"The 'forgot password' link generates an email, but clicking the emailed link results in a 404.",Access,Medium,600,À Traiter (Actif),False,PassReset,Outpatient Clinic,2026-02-26 13:15:00,User_034
TIC-0702,Pharmacist account locked after mandatory password reset policy applied.,The main dispensing software rejects the newly created passwords. We cannot process any outbound medication orders until unlocked.,Access,High,600,À Traiter (Actif),False,PharmLog,Pharmacy,2026-02-26 14:15:00,User_015
TIC-0704,Visiting physician unable to open the electronic medical records.,Temporary credentials provided to the consulting specialist are returning a permission denied error. They must review the charts.,Access,High,600,À Traiter (Actif),False,EMRView,ICU,2026-02-26 14:45:00,User_023
TIC-1362,Dialysis fistula needle barcode scanner completely fails to initialize.,"Greetings, the optical reader throws a driver fault. We cannot digitally verify the sterile needles before starting filtration.",Access,Medium,600,À Traiter (Actif),False,MenuAide,Kitchen,2026-03-05 11:15:00,User_027
TIC-0711,Front desk clerk denied access to the visitor database.,Her account was suddenly disabled without any prior warning. She cannot print security badges for the waiting families.,Access,Medium,600,À Traiter (Actif),False,VisDB,Reception,2026-02-26 16:30:00,User_067
TIC-0714,Secure parking gate rejects all physician proximity ID cards.,The card reader flashes red and refuses to lift the barrier. Doctors are trapped inside the underground garage.,Access,High,600,À Traiter (Actif),False,GateProx,Car park,2026-02-26 17:15:00,User_019
TIC-0717,Maternity ward electronic doors deny entry to expected fathers.,The temporary barcode passes printed at reception are completely failing to unlock the double doors to the nursery.,Access,High,600,À Traiter (Actif),False,DoorCode,Maternity,2026-02-26 18:00:00,User_099
TIC-0720,Cardiologist locked out of the secure dictation software platform.,The system claims the maximum number of login attempts was exceeded. He needs his profile unlocked to work.,Access,High,600,À Traiter (Actif),False,DictatePro,Cardiology,2026-02-26 18:45:00,User_014
TIC-0889,Neurology department secure access doors reject the chief medical officer.,The RFID badge reader flashes red and denies entry to the department head. Please check their security profile.,Access,High,600,À Traiter (Actif),False,RFIDDeny,Neurology,2026-02-28 13:00:00,User_004
TIC-0896,Physiotherapy aquatic pool controller requires a forgotten master maintenance code.,We cannot adjust the chemical filtration cycles because the touch panel is locked out. We need the password.,Access,Medium,600,À Traiter (Actif),False,PoolCode,Physiotherapy,2026-02-28 14:45:00,User_012
TIC-1237,Bed management interface assigns male patients to female rooms entirely.,"Hi IT, the automated sorting logic is entirely broken. We must manually fix all ward bed allocations today.",Access,Critical,600,À Traiter (Actif),False,PurityLog,Dialysis,2026-03-04 04:00:00,User_076
TIC-0730,Pediatric ward intercom system lacks access controls for broadcasting.,Anyone can pick up a hallway phone and page the entire ward. We need PIN restrictions implemented immediately.,Access,Medium,600,À Traiter (Actif),False,PageSys,Pediatrics,2026-02-26 21:15:00,User_012
TIC-0728,Neurologist denied access to the regional stroke data registry.,The external portal requires a security certificate that seems to have expired on the local clinical workstation today.,Access,High,600,À Traiter (Actif),False,CertAuth,Neurology,2026-02-26 20:45:00,User_071
TIC-0735,Physiotherapist cannot access the aquatic therapy pool control panel.,The RFID badge reader at the pool entrance is flashing yellow and denying all staff access to controls.,Access,High,600,À Traiter (Actif),False,PoolRFID,Physiotherapy,2026-02-26 22:30:00,User_049
TIC-0732,Dietician locked out of the nutritional planning web interface.,The system locked her profile after she entered her two factor authentication code incorrectly three times in succession.,Access,Medium,600,À Traiter (Actif),False,NutriWeb,Kitchen,2026-02-26 21:45:00,User_034
TIC-0752,Kitchen inventory app denies access to the newly hired chef.,The human resources department forgot to request an active directory account creation for the new dietary staff member.,Access,Medium,600,À Traiter (Actif),False,ADCreate,Kitchen,2026-02-27 02:45:00,User_012
TIC-0724,Radiology workstations displaying login screen loop for all users.,Entering valid credentials simply flashes a black screen and returns to the login prompt. Active directory is failing.,Access,High,600,À Traiter (Actif),False,WinLogin,Radiology,2026-02-26 19:45:00,User_062
TIC-0739,Outpatient receptionists lack permission to update patient phone numbers.,The database role assigned to the front desk clerks is set to read-only for demographic contact information fields.,Access,Medium,600,À Traiter (Actif),False,RoleManage,Outpatient Clinic,2026-02-26 23:30:00,User_099
TIC-1348,Surgical bone saw RPM digital display screen is dead.,"Greetings, the surgeon cannot see the blade rotation speed. Replace the monitor on the orthopedic surgical tool immediately.",Access,High,600,À Traiter (Actif),False,TrialDeny,Oncology,2026-03-05 07:45:00,User_042
TIC-0742,Anesthesiologist temporary account expired prematurely during a long surgery.,The system kicked the doctor out of the charting software mid-operation. Extend the temporary access token validity immediately.,Access,Critical,600,À Traiter (Actif),False,TempAuth,Surgery,2026-02-27 00:15:00,User_014
TIC-0744,Radiology administrator unable to approve new software license agreements.,Her account lacks the specific administrative rights required to click the digital signature box in the vendor portal.,Access,Medium,600,À Traiter (Actif),False,AdminRights,Radiology,2026-02-27 00:45:00,User_031
TIC-0747,Laboratory mass spectrometer data export tool requires admin elevation.,Standard lab technicians cannot export the chemical graphs because Windows prompts them for an administrator password every time.,Access,High,600,À Traiter (Actif),False,WinElevate,Lab,2026-02-27 01:30:00,User_023
TIC-0750,Pediatric ward nursing staff locked out of the medication cabinets.,The biometric fingerprint readers on the cabinets were wiped during a software update. All nurses need re-enrolling today.,Access,Critical,600,À Traiter (Actif),False,BioEnroll,Pediatrics,2026-02-27 02:15:00,User_071
TIC-0874,Warehouse manager locked out of the automated supply ordering portal.,"His account password expired, and the self-service reset tool is sending authentication emails to a completely wrong address.",Access,High,600,À Traiter (Actif),False,PassReset,Stock,2026-02-28 09:15:00,User_012
TIC-1265,Public announcement system microphone cord is physically ripped apart.,"Dear IT, the wire is severed completely. We cannot broadcast overhead emergency trauma codes to the waiting room.",Access,Medium,600,À Traiter (Actif),False,SchedGroup,Radiology,2026-03-04 11:00:00,User_088
TIC-1244,Blood bank crossmatch software throws a catastrophic SQL server exception.,"Good morning, the database crashed while matching trauma blood. We are reverting to manual emergency release protocols immediately.",Access,Critical,600,À Traiter (Actif),False,VaultBio,Pharmacy,2026-03-04 05:45:00,User_031
TIC-1258,Pediatric ward interactive playroom television is physically completely shattered.,"Greetings, a thrown toy destroyed the glass screen. It is a severe physical hazard for the toddlers entirely.",Access,Medium,600,À Traiter (Actif),False,FetalView,Maternity,2026-03-04 09:15:00,User_019
TIC-0775,Physiotherapy intern denied access to the digital exercise prescription tool.,The new intern needs an account created in the rehabilitation software so they can print home exercises for patients.,Access,Low,600,À Traiter (Actif),False,InternCreate,Physiotherapy,2026-02-27 08:30:00,User_093
TIC-0771,Reception desk manager cannot access the employee shift scheduling folder.,"The directory permissions were altered, stripping her read and write access to the main staff roster spreadsheet completely.",Access,Medium,600,À Traiter (Actif),False,FolderPerm,Reception,2026-02-27 07:30:00,User_015
TIC-0766,Admissions billing clerk locked out after mistyping their secure PIN.,The user account is locked for thirty minutes. We need a manual unlock to continue processing patient financial data.,Access,Medium,600,À Traiter (Actif),False,PINUnlock,Admissions,2026-02-27 06:15:00,User_031
TIC-0759,Outpatient clinic physician denied access to their own schedule.,A glitch in the permission groups removed the doctor from their own clinic view. Please restore their scheduling access.,Access,High,600,À Traiter (Actif),False,SchedPerm,Outpatient Clinic,2026-02-27 04:30:00,User_076
TIC-0851,Pediatric ward medication cabinet denies access to the night shift.,"The group permissions were accidentally modified, locking all evening nurses out of the secure automated dispensing system completely.",Access,Critical,600,À Traiter (Actif),False,CabAccess,Pediatrics,2026-02-28 03:30:00,User_055
TIC-1324,Pathology automated bone decalcifier machine leaks fluid entirely everywhere.,"Dear IT, the software opened the wrong physical valve. Acidic chemicals are spilling across the laboratory floor rapidly.",Access,High,600,À Traiter (Actif),False,PACSAdmin,Radiology,2026-03-05 01:45:00,User_062
TIC-1336,Pediatric emergency crash cart digital lock denies the nurses.,"Hi team, the biometric scanner refuses all fingerprints. We cannot retrieve the infant defibrillator pads during cardiac arrests.",Access,Medium,600,À Traiter (Actif),False,MicroPerm,Lab,2026-03-05 04:45:00,User_019
TIC-1330,Radiology contrast allergic reaction kit electronic lock is dead.,"Good morning, the battery failed. We cannot access the emergency epinephrine for patients suffering from severe dye anaphylaxis.",Access,High,600,À Traiter (Actif),False,NoteAccess,ICU,2026-03-05 03:15:00,User_012
TIC-0778,Pathology dictation files inaccessible due to corrupted network share permissions.,Nobody in the department can open the audio files because the file ownership was accidentally transferred to a deleted user.,Access,High,600,À Traiter (Actif),False,FileOwner,Pathology,2026-02-27 09:15:00,User_082
TIC-0781,Emergency room physician denied access to the secure psychiatric notes.,"The doctor needs to review a patient's mental health history, but the electronic chart restricts access to psychiatric staff only.",Access,High,600,À Traiter (Actif),False,PsychNotes,ER,2026-02-27 10:00:00,User_076
TIC-0784,Radiology administrator account locked out of the picture archiving console.,"The main administrative user profile is locked, preventing anyone from deleting duplicated or corrupted scans from the main server.",Access,High,600,À Traiter (Actif),False,AdminLock,Radiology,2026-02-27 10:45:00,User_027
TIC-0606,New registration clerks lack access to insurance portal.,Our new hires cannot verify patient coverage because their active directory roles are completely wrong.,Access,Medium,600,À Traiter (Actif),False,AdmitPro,Admissions,2026-02-25 14:15:00,User_071
TIC-1198,Kitchen dietary manager locked out of food ordering portal.,"Hi team, his password expired without notice. He cannot submit the weekly bulk grocery requests to our external vendors.",Access,High,600,À Traiter (Actif),False,SecurLock,Maternity,2026-03-03 18:15:00,User_034
TIC-1448,Sleep laboratory observation camera drops the wireless video stream.,"Greetings, the night technicians cannot watch the patients breathing patterns. The ceiling access point seems completely unresponsive today.",Access,High,600,À Traiter (Actif),False,TrialDeny,Oncology,2026-03-05 09:30:00,User_060
TIC-0945,Stroke alert pager system database locked by unknown user.,"The administrative console is frozen, preventing us from adding the newly hired neurosurgeon to the emergency dispatch list.",Access,High,600,À Traiter (Actif),False,StrokeDB,Neurology,2026-03-01 03:00:00,User_004
TIC-0935,Admissions clerk denied access to the bed management dashboard.,Her active directory permissions were inexplicably revoked. She cannot assign arriving emergency patients to available hospital ward beds.,Access,High,600,À Traiter (Actif),False,BedDash,Admissions,2026-03-01 00:30:00,User_049
TIC-1424,Prescription bag labeling printer physically jams on every cycle.,"Dear team, the plastic bags get caught in the thermal rollers. Dispensing operations are significantly delayed this morning.",Access,High,600,À Traiter (Actif),False,PACSAdmin,Radiology,2026-03-05 03:30:00,User_061
TIC-1202,Dialysis patient entertainment televisions drop all wireless internet connections.,"Hello, the media screens are totally blank. The localized access point in the clinic ceiling seems to have failed.",Access,High,600,À Traiter (Actif),False,ShareDoc,Cardiology,2026-03-03 19:15:00,User_015
TIC-1191,Intensive care charge nurse denied permission to export reports.,"Hi team, her profile cannot generate the daily shift summaries. The database role was accidentally restricted during yesterday's update.",Access,Critical,600,À Traiter (Actif),False,CabAccess,Pediatrics,2026-03-03 16:30:00,User_023
TIC-1416,Operating room central display board exposes full patient names.,"Hi team, the digital schedule in the sterile hallway violates privacy laws. Mask the names to initials immediately.",Access,Critical,600,À Traiter (Actif),False,SafeBio,Pharmacy,2026-03-05 01:00:00,User_096
TIC-1454,Tumor registry database calculates incorrect patient survival rate metrics.,"Good morning, the date logic is flawed. It adds ten years to every patient history entirely randomly today.",Access,High,600,À Traiter (Actif),False,PediNarc,Pediatrics,2026-03-05 11:00:00,User_052
TIC-1468,Patient meal barcode scanner gun battery refuses to charge.,"Greetings, the handheld device dies instantly off the dock. We cannot verify the specialized allergy trays without it.",Access,High,600,À Traiter (Actif),False,AuditRead,Stock,2026-03-05 14:30:00,User_069
TIC-0583,Electronic patient weight scale is locked and demands an administrator override code.,We cannot determine how much fluid to remove from the patient because the digital scale refuses to turn on without a password that nobody knows. Unlock it immediately please.,Access,High,600,À Traiter (Actif),False,ScaleLock,Dialysis,2026-02-25 08:30:00,User_099
TIC-1403,Maternity lactation room electronic door reader rejects nursing mothers.,"Hi there, the badge scanner is blinking red. Staff cannot access the private pumping area during their breaks.",Access,High,600,À Traiter (Actif),False,BloodLock,ER,2026-03-04 21:15:00,User_011
TIC-0707,Biometric scanner fails to authenticate the senior pathology technician.,The finger reader on the secure specimen refrigerator is completely dead. We cannot retrieve the frozen tissue samples.,Access,High,600,À Traiter (Actif),False,BioLock,Lab,2026-02-26 15:30:00,User_055
TIC-0661,Surgery robotic console denies access to the lead surgeon.,The biometric scanner is failing to recognize the chief of surgery right before an operation.,Access,Critical,600,À Traiter (Actif),False,RoboAccess,Surgery,2026-02-26 04:00:00,User_099
TIC-1385,Outpatient clinic automated blood pressure monitor drops bluetooth pairing.,"Hi team, the rolling vitals cart cannot send data to the laptops. Nurses are manually typing every number.",Access,High,600,À Traiter (Actif),False,PurityDeny,Dialysis,2026-03-05 17:00:00,User_051
TIC-1410,Suture cart barcode scanner laser is completely burned out.,"Dear team, the optical lens is dead. We cannot digitally inventory the wound closure supplies used during emergencies.",Access,Medium,600,À Traiter (Actif),False,SchedView,Cardiology,2026-03-04 23:10:00,User_074
TIC-0922,Radiologist diagnostic workstation monitor flickers and loses display signal.,"The heavy duty graphics card is failing, causing the screens to go completely black during critical evaluations.",Support,Critical,600,À Traiter (Actif),False,DiagView,Radiology,2026-02-28 21:15:00,User_031
TIC-1396,Pediatric child size blood pressure cuff bluetooth module died.,"Hi there, the wireless connection to the vital signs monitor is broken. We must use adult sized equipment.",Access,Medium,600,À Traiter (Actif),False,RefundLock,Outpatient Clinic,2026-03-05 19:45:00,User_012
TIC-0680,ER fast-track terminal logged into generic administrator profile permanently.,The computer in the hallway is logged in as 'Admin' and nobody is logging out.,Access,Medium,600,À Traiter (Actif),False,ProfileSec,ER,2026-02-26 08:45:00,User_019
TIC-0913,Anesthesia cart drug drawer locks refuse all nurse credentials.,We cannot open the emergency epinephrine compartment because the biometric reader lost its active directory connection entirely.,Access,Critical,600,À Traiter (Actif),False,AnesthLock,Surgery,2026-02-28 19:00:00,User_049
TIC-0901,Fast track clinical terminal denies access to locum doctors.,"Temporary physicians cannot log into the triage system to chart minor injuries, causing a massive backlog today.",Access,High,600,À Traiter (Actif),False,TriageFast,ER,2026-02-28 16:00:00,User_042
TIC-1218,Laparoscopic surgical camera lens completely shattered during sterilization.,"Greetings, the delicate optical equipment broke in the autoclave. We urgently need a replacement camera wand today.",Support,Critical,600,À Traiter (Actif),False,IncubatorFix,Maternity,2026-03-03 23:15:00,User_027
TIC-1209,Electrocardiogram machine interface displays a fatal memory fault.,"Hi team, the device crashed right during a heart attack evaluation. The internal storage requires immediate replacement.",Access,High,600,À Traiter (Actif),False,StrokeReg,Neurology,2026-03-03 21:00:00,User_093
TIC-0722,Surgeon smartcard fails to unlock the robotic operating console.,The console card reader does not recognize the embedded chip. The scheduled prostatectomy is delayed pending an override.,Access,Critical,600,À Traiter (Actif),False,CardRead,Surgery,2026-02-26 19:15:00,User_031
TIC-1135,Clinical trial coordinator locked out of the secure database.,"Hi team, her password expired without any warning emails. She cannot input the daily patient responses for the study.",Access,High,600,À Traiter (Actif),False,AuditAccess,Car park,2026-03-03 02:30:00,User_049
TIC-1578,Newly hired chef denied access to ordering application.,Hi IT. His active directory account lacks the specific administrative role required to purchase bulk groceries from our external food vendors.,Access,Medium,600,À Traiter (Actif),False,ScaleNeg,Maternity,2026-03-07 03:15:00,User_082
TIC-1518,Dietary ticket generator physically mangles the blank paper.,Hi team. The mechanical rollers are destroying our inventory of blank stickers. We cannot process custom patient meals without these labels.,Access,High,600,À Traiter (Actif),False,TubMix,Maternity,2026-03-06 12:15:00,User_027
TIC-1587,Rogue device broadcasting fake cardiac telemetry data detected.,Good morning. An unauthorized transmitter is sending fabricated heart rates to the central monitoring station. Track down this severe security threat.,Support,Medium,600,À Traiter (Actif),False,ScanCrack,Admissions,2026-03-07 05:30:00,User_088
TIC-0540,Blood bank inventory database denies access to the emergency release protocols.,The uncrossmatched trauma blood cannot be digitally signed out because the system demands an override code that was changed without notifying the laboratory technicians. We are blocked.,Access,Critical,600,À Traiter (Actif),False,BankRelease,Lab,2026-02-24 21:45:00,User_027
TIC-1143,Maternity ward infant tracking server exposed to guest network.,"Good morning, visitors on the public wifi can ping the security database. Isolate this server behind the firewall immediately.",Access,High,600,À Traiter (Actif),False,FridgeLog,Surgery,2026-03-03 04:30:00,User_088
TIC-1527,Mobile cardiac telemetry receivers drop signal completely today.,Good morning. The remote observation station cannot detect the wearable heart monitors. Patients on the ward are completely unmonitored right now.,Access,Medium,600,À Traiter (Actif),False,VIPDoor,Admissions,2026-03-06 14:30:00,User_015
TIC-1531,Life support infusion pump software locks up totally.,"Dear IT, the digital interface froze solid. The physical pump continues to work, but we cannot adjust the medication drip rate.",Access,Critical,600,À Traiter (Actif),False,CrashLock,Pediatrics,2026-03-06 15:30:00,User_093
TIC-1477,Parking gate override keypad uses factory default administrative code.,"Hi IT, anyone can type the default pin and open the barrier without paying. Change the code immediately.",Access,High,600,À Traiter (Actif),False,PoolTouch,Physiotherapy,2026-03-05 16:45:00,User_056
TIC-0587,Epidural medication pump requires an unknown password to change the flow rate.,The anesthesiologist cannot increase the pain relief for a laboring mother because the pump is digitally locked out. The default password has been changed mysteriously. Reset it right now.,Access,Critical,600,À Traiter (Actif),False,EpiLock,Maternity,2026-02-25 09:30:00,User_088
TIC-0563,Nutritional requirement database denies access to the head clinical dietician today.,She cannot approve the specialized feeding tube formulas for the intensive care unit because her account says her password expired prematurely. Please reset her active directory credentials right now.,Access,High,600,À Traiter (Actif),False,DietPass,Kitchen,2026-02-25 03:30:00,User_051
TIC-0554,Pediatric ward playroom smart television is locked out of all applications.,The children cannot watch cartoons because the television interface demands a parental control PIN that nobody in the department actually set. Please factory reset the television operating system remotely.,Access,Low,600,À Traiter (Actif),False,TVLock,Pediatrics,2026-02-25 01:15:00,User_034
TIC-1496,Autopsy report database exposed directly to the public internet.,"Hello, a firewall rule change accidentally opened the highly sensitive web portal to the world. Close the port.",Access,Medium,600,À Traiter (Actif),False,RefundLock,Outpatient Clinic,2026-03-05 21:30:00,User_017
TIC-0960,Volunteer desk computer lacks access to the wheelchair database.,The volunteers cannot digitally check out transport chairs for arriving patients because their accounts lack the required permissions.,Access,Medium,600,À Traiter (Actif),False,WheelDB,Reception,2026-03-01 06:45:00,User_008
TIC-0955,Pediatrician denied access to the secure child abuse registry.,"The doctor needs to check a suspicious injury, but her authorization token was mysteriously revoked by the system.",Access,High,600,À Traiter (Actif),False,AbuseReg,Pediatrics,2026-03-01 05:30:00,User_067
TIC-1151,Intensive care unit bedside monitor touch screen completely shattered.,"Greetings, a piece of equipment fell onto the glass. The display is unreadable and highly dangerous. Replace it today.",Access,Critical,600,À Traiter (Actif),False,CabAccess,Pediatrics,2026-03-03 06:30:00,User_055
TIC-1485,Electronic traction table application ignores maximum weight safety thresholds.,"Dear team, the software applied dangerous force to a patient's spine. The machine is unplugged pending an update.",Access,High,600,À Traiter (Actif),False,PurityDeny,Dialysis,2026-03-05 18:45:00,User_022
TIC-0573,Staff parking garage secure entrance gate refuses to recognize valid badges.,The radio frequency reader at the physician entrance is completely dead. We have a line of surgeons blocking the street because they cannot access their designated parking zone today.,Access,High,600,À Traiter (Actif),False,ParkBadge,Car park,2026-02-25 06:00:00,User_055
TIC-1158,Dietary meal ticket thermal printer feeds paper without printing.,"Greetings, the print head seems completely dead. We cannot label the customized patient food trays before sending them upstairs.",Access,High,600,À Traiter (Actif),False,SecurLock,Maternity,2026-03-03 08:15:00,User_019
TIC-1163,Obstetrician denied permission to access the fetal monitoring archives.,"Hi team, she needs to review a complicated birth history, but her account lacks the necessary historical viewing rights.",Access,High,600,À Traiter (Actif),False,CamIdentify,Surgery,2026-03-03 09:30:00,User_051
TIC-0487,Epidural pump electronic patient-controlled analgesia button is completely unresponsive to button presses.,The mother in room four cannot give herself the allowed pain medication doses. The physical button is completely broken. Bring a replacement cord and button immediately downstairs.,Support,High,600,À Traiter (Actif),False,PCAPump,Maternity,2026-02-24 08:30:00,User_088
TIC-0530,Secure family visitation log application requires an unknown master administrative password.,The clerks cannot register new family members for authorized entry into the unit. The system locked everyone out completely during the shift change this morning mysteriously.,Access,Medium,600,À Traiter (Actif),False,VisitLogICU,ICU,2026-02-24 19:15:00,User_012
TIC-1594,Attending neurologist requires administrator override for archaic software.,Greetings. The legacy medical application demands elevated privileges to launch. Please grant her temporary admin rights to read the old scans.,Access,Critical,600,À Traiter (Actif),False,IceMon,Stock,2026-03-07 07:15:00,User_071
TIC-1588,Operating room lighting control software suffers catastrophic crash.,"Hi IT. The digital interface failed, preventing us from adjusting the surgical spotlights during a delicate procedure. Needs a system reboot.",Access,High,600,À Traiter (Actif),False,WasteLock,Lab,2026-03-07 05:45:00,User_031
TIC-0990,Maternity ward night nurse denied access to medication cabinets.,The automated dispensing safe wiped all biometric fingerprint data during a midnight firmware update. Reset the access lists.,Access,High,600,À Traiter (Actif),False,WardAccess,Maternity,2026-03-01 14:15:00,User_062
TIC-1610,Charge nurse locked out of the digital bed management portal.,"Dear team, her active directory group policy was altered. She cannot digitally assign the incoming trauma patients to rooms.",Access,High,600,À Traiter (Actif),False,BedManage,ER,2026-03-10 13:00:00,User_004
TIC-1619,Surgeon profile completely deleted from the electronic medical database.,"Good morning, his active directory account vanished. He cannot digitally sign his postoperative surgical reports for the patient files.",Access,Critical,600,À Traiter (Actif),False,SurgiProfile,Surgery,2026-03-10 15:15:00,User_019
TIC-0500,Clinic waiting room check-in kiosk is locked entirely on the Windows login screen.,"The kiosk software crashed, and now it is asking for a domain username and password that patients obviously do not have. Please remote in and restart it.",Access,Low,600,À Traiter (Actif),False,KioskCheck,Outpatient Clinic,2026-02-24 11:45:00,User_082
TIC-1603,Infant tracking database vulnerable to SQL injection attacks.,Hi there. A simple text string in the search bar exposes the entire baby location log. Patch the web portal immediately.,Access,High,600,À Traiter (Actif),False,ToxPortal,ER,2026-03-07 09:30:00,User_088
TIC-1128,Surgical residents denied access to postoperative recovery charting tools.,"Hi team, their active directory groups were modified incorrectly. They cannot write the mandatory clinical notes after surgical procedures.",Access,High,600,À Traiter (Actif),False,GasAdmin,Lab,2026-03-03 00:45:00,User_071
TIC-1121,Therapist denied access to the aquatic pool control panel.,"Hi team, my electronic badge flashes red at the door. I cannot turn on the underwater treadmills for patients.",Access,Critical,600,À Traiter (Actif),False,ePrescribe,ER,2026-03-02 23:00:00,User_088
TIC-0503,Echocardiogram video recording archives are suddenly entirely hidden from the physicians.,Doctors cannot review historical ultrasounds to compare disease progression. The directory folder permissions seem to have been completely altered by an overnight script.,Access,High,600,À Traiter (Actif),False,EchoArchive,Cardiology,2026-02-24 12:30:00,User_088
TIC-1660,Night shift pediatric nurse locked out of the dispenser.,"Dear team, her digital profile was removed from the pharmacy system. She cannot authorize the electronic release of medications.",Access,High,600,À Traiter (Actif),False,NurseLock,Pediatrics,2026-03-11 01:30:00,User_067
TIC-1665,Volunteer desk coordinator denied access to the wheelchair database.,"Dear IT, her account lacks the necessary read and write permissions. She cannot digitally track the mobility equipment usage.",Access,Medium,600,À Traiter (Actif),False,WheelDeny,Reception,2026-03-11 02:45:00,User_008
TIC-1675,Logistics coordinator denied permission to approve digital financial invoices.,"Dear IT, his profile lost the elevated administrative rights required to authorize the electronic payments for the medical supplies.",Access,High,600,À Traiter (Actif),False,ApproveDeny,Stock,2026-03-11 05:15:00,User_042
TIC-0468,Medical supply dispensing cabinets on the wards are rejecting all restock codes.,The warehouse team cannot refill the empty cabinets on the surgical floor because the administrative override PIN is not working. The wards are running out of bandages.,Access,High,600,À Traiter (Actif),False,CabLock,Stock,2026-02-24 03:45:00,User_062
TIC-0480,Digital signature pads at the physiotherapy reception desk are completely shattered physically.,A patient dropped a heavy walking cane directly onto the screen. We cannot collect consent signatures electronically anymore. We need a replacement hardware unit sent down today.,Support,Low,600,À Traiter (Actif),False,SignPad,Physiotherapy,2026-02-24 06:45:00,User_019
TIC-0510,Secure narcotics lockbox in the emergency room denies the charge nurse.,The electronic keypad flashes a red error code and refuses to open. We cannot access necessary pain medications for patients suffering from acute traumatic injuries.,Access,High,600,À Traiter (Actif),False,NarcoBox,ER,2026-02-24 14:15:00,User_034
TIC-1650,Clinical research coordinator account expired without digital warning email.,"Dear team, she cannot access the secure database. The active directory system failed to notify her of the expiration.",Access,High,600,À Traiter (Actif),False,TrialExp,Neurology,2026-03-10 23:00:00,User_004
TIC-1635,Intensive care visiting physician lacks secure digital chart access.,"Dear IT, the consulting specialist cannot open the electronic records. His temporary domain account requires elevated clinical viewing privileges.",Access,High,600,À Traiter (Actif),False,VisitAccess,ICU,2026-03-10 19:15:00,User_012
TIC-0494,Pathology report generation database denies access to the chief medical examiner today.,The head of the department cannot electronically sign out the final diagnoses because her account was mysteriously deactivated overnight. Please restore her active directory permissions immediately.,Access,High,600,À Traiter (Actif),False,PathoDB,Pathology,2026-02-24 10:15:00,User_071
TIC-0980,Clinic receptionist denied access to the patient billing module.,The new clerk cannot collect copays for rehabilitation sessions because her active directory account lacks financial software permissions.,Access,Medium,600,À Traiter (Actif),False,BillAccess,Physiotherapy,2026-03-01 11:45:00,User_019
TIC-0485,Automated weight scale requires an admin password to calibrate the zero point.,We cannot accurately measure the patients' fluid retention because the scale is off by three kilograms and is locked behind a password we do not have. Unlock.,Access,Medium,600,À Traiter (Actif),False,ScalePro,Dialysis,2026-02-24 08:00:00,User_051
TIC-1083,Biometric fingerprint scanner on supply cabinet denies all staff.,We cannot access the necessary intravenous tubing because the lock lost its database connection and rejects every scan.,Access,High,600,À Traiter (Actif),False,SupplyLock,Dialysis,2026-03-02 13:30:00,User_099
TIC-1076,New physiotherapist denied access to the patient scheduling calendar.,"Her account was created, but she lacks the necessary group permissions to book rehabilitation sessions for her patients.",Access,Medium,600,À Traiter (Actif),False,PhysioAccess,Physiotherapy,2026-03-02 11:45:00,User_034
TIC-1090,Maternity ward electronic double doors reject expectant father badges.,The temporary access cards printed at the front desk fail to unlock the secure perimeter. Check the permissions.,Access,High,600,À Traiter (Actif),False,DadBadge,Maternity,2026-03-02 15:15:00,User_062
TIC-1001,Echocardiogram database rejects all established senior cardiologist login credentials.,The specialists cannot access previous heart scans. The authentication server seems to have dropped their active directory permissions.,Access,High,600,À Traiter (Actif),False,EchoBase,Cardiology,2026-03-01 17:00:00,User_042
TIC-1008,Emergency room physicians denied access to national poison database.,The external gateway locked our site license out. We cannot look up antidote protocols for overdose patients currently.,Access,High,600,À Traiter (Actif),False,ToxCheck,ER,2026-03-01 18:45:00,User_012
TIC-1740,Front desk clerk account locked by automated security policy.,"Dear team, she triggered a false positive intrusion alert. The system completely disabled her active directory profile for admissions.",Access,High,600,À Traiter (Actif),False,ClerkLock,Admissions,2026-03-10 20:30:00,User_049
TIC-1745,Locum laboratory technician denied access to the digital archives.,"Dear IT, his profile lacks the necessary security group permissions. He cannot retrieve the digital records of previous biopsies.",Access,Medium,600,À Traiter (Actif),False,LocumArch,Lab,2026-03-10 21:45:00,User_027
TIC-0436,Centrifuge digital control panel is completely unresponsive to any touch input.,We cannot spin down the morning blood samples because the touchscreen is completely dead. These samples will expire in two hours if not processed. Need emergency help.,Support,High,600,À Traiter (Actif),False,SpinTech,Lab,2026-02-23 19:45:00,User_019
TIC-0440,Blood bank crossmatch software requires a forgotten administrative password to apply updates.,We cannot install the mandated safety patch because nobody knows the master password left by the previous IT director. We need a backend password reset immediately.,Access,Medium,600,À Traiter (Actif),False,BloodMatch,Lab,2026-02-23 20:45:00,User_027
TIC-1715,Visiting cardiovascular surgeon denied digital access to clinical records.,"Dear IT, the single sign on system rejects his credentials. He cannot review the electronic charts before his operations.",Access,Medium,600,À Traiter (Actif),False,SSOCardio,Cardiology,2026-03-10 14:15:00,User_034
TIC-1690,Head dialysis technician locked out of the digital logs.,"Dear team, her active directory account expired. She cannot digitally verify the water purification safety records before initiating treatments.",Access,Critical,600,À Traiter (Actif),False,TechLog,Dialysis,2026-03-11 09:00:00,User_051
TIC-1723,Pharmacist active directory password resets fail across the network.,"Hi team, the self service portal sends broken email links. The staff cannot unlock their digital accounts for dispensing.",Access,Medium,600,À Traiter (Actif),False,ADReset,Pharmacy,2026-03-10 16:15:00,User_027
TIC-1015,Scrub nurses locked out of the sterile supply cabinets.,The biometric scanners failed to synchronize with the new staff roster. We cannot retrieve essential surgical implants today.,Access,High,600,À Traiter (Actif),False,CabBio,Surgery,2026-03-01 20:30:00,User_076
TIC-1063,Head chef denied permission to update the weekly menu.,His active directory role was accidentally changed to read-only. We cannot finalize the food choices for the patients.,Access,High,600,À Traiter (Actif),False,MenuEdit,Kitchen,2026-03-02 08:30:00,User_051
TIC-1070,Stockroom auditor locked out of the financial valuation module.,"The external accountant needs access to perform the mandatory annual inventory check, but their temporary credentials expired prematurely.",Access,Medium,600,À Traiter (Actif),False,AuditLock,Stock,2026-03-02 10:15:00,User_042
TIC-1785,Student physiotherapist denied access to the digital billing module.,"Dear IT, his temporary profile restricts financial application usage. He cannot electronically log the required insurance codes for sessions.",Access,Medium,600,À Traiter (Actif),False,BillStudent,Physiotherapy,2026-03-11 07:45:00,User_019
TIC-1780,Parking management supervisor account locked by brute force attack.,"Dear team, an external IP attempted to guess her password. The system disabled her active directory digital profile automatically.",Access,High,600,À Traiter (Actif),False,ParkLock,Car park,2026-03-11 06:30:00,User_093
TIC-0416,Automated narcotic dispensing vault refuses to recognize the head pharmacist fingerprint.,The morning shift cannot begin dispensing scheduled painkillers because the biometric scanner rejects everyone. Patients in post-op are suffering in pain. Override this lock immediately.,Access,Critical,600,À Traiter (Actif),False,VaultSec,Pharmacy,2026-02-23 14:45:00,User_008
TIC-1770,Newly hired dietician locked out of the nutritional application.,"Dear team, her active directory account was never assigned the correct clinical roles. She cannot edit digital patient diets.",Access,High,600,À Traiter (Actif),False,DietRole,Kitchen,2026-03-11 04:00:00,User_088
TIC-0413,Operating room primary surgical lights shut down completely during an incision.,The surgical team was blinded for a terrifying ten seconds before backup generators kicked in. This electrical system failure cannot ever happen again during live procedures.,Support,High,600,À Traiter (Actif),False,LightSync,Surgery,2026-02-23 14:00:00,User_049
TIC-0414,Secure access badge reader for the sterile surgical core is offline.,Scrub nurses cannot enter the supply area to grab necessary emergency instruments. Propping the door open completely violates our strict infection control protocols. Fix the scanner.,Access,High,600,À Traiter (Actif),False,SecurDoor,Surgery,2026-02-23 14:15:00,User_019
TIC-1030,Patient vital sign alarms trigger continuously without any reason.,"The software thresholds are corrupted, causing the monitors to scream even when the patient is perfectly stable physically.",Bug,Medium,300,À Traiter (Actif),False,VitalAlarm,ICU,2026-03-02 00:15:00,User_012
TIC-1051,Electronic growth chart app plots height on weight axis.,"The graph is completely distorted, making it look like every infant is severely malnourished. The variables are swapped.",Bug,Medium,300,À Traiter (Actif),False,GrowChart,Pediatrics,2026-03-02 05:30:00,User_055
TIC-1044,Cognitive assessment tablet app freezes on the memory test.,The application locks up completely when the patient attempts to draw the clock face. The software requires patching.,Bug,Medium,300,À Traiter (Actif),False,CogTest,Neurology,2026-03-02 03:45:00,User_031
TIC-0451,Infant abduction alarm system is randomly triggering silent alarms to security only.,Guards keep rushing the floor with weapons drawn for absolutely no reason. The nursing staff has no idea an alarm was even triggered. Fix the sensor logic.,Bug,High,300,À Traiter (Actif),False,BabyGuard,Pediatrics,2026-02-23 23:30:00,User_055
TIC-0406,The new electrocardiogram analysis module fails to export PDF diagnostic reports.,Morning clinical rounds are severely delayed because doctors cannot print the daily cardiac summaries. Consultants are complaining loudly about the missing paperwork. Please fix this bug.,Bug,Medium,300,À Traiter (Actif),False,ECGExport,Cardiology,2026-02-23 12:15:00,User_071
TIC-1801,Outpatient appointment reminder software sends text messages at midnight.,"Hello IT, the digital timezone logic is completely broken. The automated system is waking up elderly patients every night.",Bug,Medium,300,À Traiter (Actif),False,SMSBug,Outpatient Clinic,2026-03-11 11:45:00,User_012
TIC-0442,Deep brain stimulation tuning app crashes when connecting via bluetooth today.,We cannot adjust the patient's implant parameters to stop their severe tremors. The mobile app simply force-closes the moment the bluetooth pairing is initiated. Fix the connection.,Bug,Medium,300,À Traiter (Actif),False,BrainTune,Neurology,2026-02-23 21:15:00,User_014
TIC-1342,Dialysis internal blood leak detector triggers a silent alarm.,"Hello IT, the sensor caught a leak but failed to sound the external siren. Fix this audio bug.",Bug,High,300,À Traiter (Actif),False,StrokeFreeze,Neurology,2026-03-05 06:15:00,User_014
TIC-1771,Supply chain forecasting software calculates negative inventory requirements entirely.,"Hello IT, the math engine is completely broken. The digital algorithm recommends returning essential surgical supplies to the vendor.",Bug,High,300,À Traiter (Actif),False,StockMath,Stock,2026-03-11 04:15:00,User_031
TIC-0434,Hospital admission demographic database is stubbornly refusing to save new address updates.,"Every time we update a patient's home address, it reverts to the old one upon hitting save. We cannot send billing invoices to the correct locations.",Bug,Medium,300,À Traiter (Actif),False,AdmitDB,Admissions,2026-02-23 19:15:00,User_082
TIC-1786,Dialysis fluid calculation software recommends lethal ultrafiltration removal targets.,"Hello team, the mathematical algorithm is severely broken. Following these digital metrics would catastrophically dehydrate our vulnerable kidney patients.",Bug,Critical,300,À Traiter (Actif),False,DialyMath,Dialysis,2026-03-11 08:00:00,User_076
TIC-0417,Intravenous compounding hood ventilation sensor is triggering a false airflow alarm.,"The loud siren is deafening the pharmacy technicians, but the physical airflow is perfectly normal. We cannot safely mix chemotherapy drugs with this alarm blaring constantly.",Bug,High,300,À Traiter (Actif),False,HoodWatch,Pharmacy,2026-02-23 15:00:00,User_099
TIC-1037,Chemistry analyzer software swaps patient names on exported reports.,This is a lethal glitch. The system is attributing diabetic glucose levels to completely healthy patients. Halt testing.,Bug,Critical,300,À Traiter (Actif),False,ChemExport,Lab,2026-03-02 02:00:00,User_076
TIC-1302,Waiting room queue display television shows a blue screen of death.,"Hi IT, the signage computer crashed hard. The lobby is chaotic because nobody knows their current ticket number.",Bug,Critical,300,À Traiter (Actif),False,TriageFast,ER,2026-03-04 20:15:00,User_015
TIC-1299,Chemical fume hood digital airflow sensor throws a fatal calibration error.,"Good morning, the monitor crashed. We cannot safely verify if the toxic formaldehyde gas is venting from the laboratory.",Bug,High,300,À Traiter (Actif),False,StitchApp,Pathology,2026-03-04 19:30:00,User_067
TIC-1292,Newborn hearing screening tablet transmits diagnostic data entirely unencrypted over wifi.,"Hi IT, this violates pediatric data privacy laws. We must enforce secure sockets layer encryption for all transfers.",Bug,High,300,À Traiter (Actif),False,PhoneMap,Reception,2026-03-04 17:45:00,User_042
TIC-1382,Dialysis water purification system pressure monitor loses server uplink.,"Hi there, the basement sensors cannot communicate with the nursing desk. We are blind to the filtration pressure.",Bug,Critical,300,À Traiter (Actif),False,FluidTarget,Dialysis,2026-03-05 16:15:00,User_008
TIC-0697,Pathology tissue scanner misaligns the digital image stitching.,"The software is combining the microscopic photos improperly, creating distorted and undiagnosable final tissue images.",Bug,High,300,À Traiter (Actif),False,StitchApp,Pathology,2026-02-26 13:00:00,User_093
TIC-0457,Reception area digital signage monitors are stuck displaying yesterday's clinic schedules permanently.,The displays are not pulling the fresh data from the central server. Patients are going to the wrong floors looking for doctors who are not here today.,Bug,Low,300,À Traiter (Actif),False,SignagePlay,Reception,2026-02-24 01:00:00,User_049
TIC-1002,Pacemaker tuning software fails to save customized electrical parameters.,The application forgets the voltage adjustments upon closing. We cannot safely optimize the implanted devices for our patients.,Bug,Critical,300,À Traiter (Actif),False,PaceTune,Cardiology,2026-03-01 17:15:00,User_015
TIC-0999,Patient portal messaging system sends replies to wrong accounts.,"A doctor answered a cardiology question, and the software routed the private reply to a completely different patient.",Bug,Critical,300,À Traiter (Actif),False,PortalMsg,Outpatient Clinic,2026-03-01 16:30:00,User_067
TIC-1084,Hemodialysis machine interface freezes during the final cleaning cycle.,"The software locks up, preventing the machine from completing its mandatory sterilization process before the next patient arrives.",Bug,Medium,300,À Traiter (Actif),False,CleanFreeze,Dialysis,2026-03-02 13:45:00,User_027
TIC-0838,Maternity ward epidural pump software ignores maximum dosage safety limits.,The programming interface allows us to input lethal quantities without generating a hard stop warning. Investigate immediately.,Bug,Critical,300,À Traiter (Actif),False,PumpLimit,Maternity,2026-02-28 00:15:00,User_008
TIC-1315,Oncology scalp cooling cap machine database connection drops entirely.,"Hi team, the device cannot log the chemotherapy hair loss prevention therapies. Check the ethernet wall port immediately.",Bug,High,300,À Traiter (Actif),False,TrackOptic,Surgery,2026-03-04 23:30:00,User_076
TIC-1309,Pharmacy liquid suspension mixing robot refuses all administrator passwords.,"Good morning, the compounding device locked us out entirely. We cannot formulate the specialized pediatric liquid antibiotic doses.",Bug,High,300,À Traiter (Actif),False,EchoReport,Cardiology,2026-03-04 22:00:00,User_093
TIC-1308,Surgical laser scalpel calibration software throws a mathematical error.,"Hi team, the cutting depth calculator is totally wrong. We halted the skin grafting procedure to prevent burns.",Bug,High,300,À Traiter (Actif),False,TeleNet,Cardiology,2026-03-04 21:45:00,User_012
TIC-1361,Physiotherapy digital balance board software loses connection to laptops.,"Hi there, the bluetooth receiver is failing. Therapists cannot record the stability metrics for recovering joint replacement patients.",Bug,Critical,300,À Traiter (Actif),False,AllergyIgnore,Kitchen,2026-03-05 11:00:00,User_099
TIC-1656,Pediatric dosage calculator application converts digital weights entirely incorrectly.,"Hello team, the software changes pounds to kilograms improperly. This algorithmic flaw suggests lethal medication doses for the infants.",Bug,Critical,300,À Traiter (Actif),False,PediDose,Pediatrics,2026-03-11 00:30:00,User_055
TIC-0496,Outpatient electronic health record search function returns completely blank results for everyone.,We cannot find any patient files. Typing a name or ID number just yields a white screen. The doctors are incredibly frustrated and clinic schedules are delayed.,Bug,High,300,À Traiter (Actif),False,OutEMR,Outpatient Clinic,2026-02-24 10:45:00,User_012
TIC-0491,Digital pathology slide viewer software crashes when zooming into high resolution tissue.,The pathologists cannot see the cellular details necessary to diagnose cancer. The application runs out of memory and hard closes every time they zoom in. Fix memory.,Bug,High,300,À Traiter (Actif),False,SlideZoom,Pathology,2026-02-24 09:30:00,User_023
TIC-0488,Newborn hearing screening device software crashes immediately upon saving the test results.,"We conduct the five-minute test, but when we hit save, the application force-closes and wipes the data. We cannot discharge the infants without this test. Fix it.",Bug,Medium,300,À Traiter (Actif),False,HearTest,Maternity,2026-02-24 08:45:00,User_031
TIC-1651,Radiation therapy dosage planning software reverses digital organ models.,"Hello IT, the rendering engine flips the patient anatomy completely. This software glitch prevents accurate digital targeting of tumors.",Bug,Critical,300,À Traiter (Actif),False,RadModel,Oncology,2026-03-10 23:15:00,User_062
TIC-1064,Automated dishwasher chemical dispenser software constantly requests more soap.,The machine halts the entire sanitation line because it falsely believes the detergent tank is completely empty today.,Bug,Medium,300,À Traiter (Actif),False,SoapSens,Kitchen,2026-03-02 08:45:00,User_014
TIC-1731,Intensive care clinical dashboard calculates incorrect fluid balance metrics.,"Hello IT, the software math logic is entirely backward. The digital charts show patients retaining massive amounts of fluids.",Bug,Critical,300,À Traiter (Actif),False,FluidDash,ICU,2026-03-10 18:15:00,User_042
TIC-0467,Barcode scanners in the warehouse beep successfully but do not update the database.,"We spent three hours scanning a massive delivery, and the system still shows zero inventory. The API endpoint seems to be silently failing to save our data.",Bug,High,300,À Traiter (Actif),False,ScanSync,Stock,2026-02-24 03:30:00,User_004
TIC-0461,Dietary management system is ignoring severe peanut allergy flags on patient trays.,The software printed a ticket for a peanut butter sandwich for a patient with a known anaphylactic allergy. This bug could literally kill someone. Fix it immediately.,Bug,Critical,300,À Traiter (Actif),False,DietSafe,Kitchen,2026-02-24 02:00:00,User_099
TIC-0694,Physiotherapy scheduling app displays text in Russian randomly.,Half of the buttons on the user interface have switched languages due to a localization bug.,Bug,Medium,300,À Traiter (Actif),False,LocaleBug,Physiotherapy,2026-02-26 12:15:00,User_071
TIC-1376,Pediatric ward baby formula refrigerator digital lock is broken.,"Greetings, the keypad refuses all nurse codes. We cannot retrieve the specialized dietary milk for the hungry infants.",Bug,Medium,300,À Traiter (Actif),False,TextMirror,Physiotherapy,2026-03-05 14:45:00,User_034
TIC-1370,Radiology contrast dye injector pump reverses the fluid flow.,"Hello IT, the software logic is drawing blood out instead of pushing the imaging contrast in. Fix this.",Bug,Critical,300,À Traiter (Actif),False,AutoSyringe,Stock,2026-03-05 13:15:00,User_042
TIC-0825,Radiology mammography machine software update failed and corrupted drivers.,The compression plates refuse to move because the control software cannot communicate with the physical hardware anymore.,Bug,Critical,300,À Traiter (Actif),False,MammoOS,Radiology,2026-02-27 21:00:00,User_023
TIC-0844,Pharmacy drug interaction software crashes upon evaluating complex intravenous mixtures.,The application simply force-closes when we try to check compatibility for three or more medications in one bag.,Bug,Medium,300,À Traiter (Actif),False,MixCheck,Pharmacy,2026-02-28 01:45:00,User_031
TIC-0668,Oncology patient scheduling calendar deletes recurring appointments randomly.,Patients arriving for their fifth chemo session find they are entirely missing from our schedule.,Bug,High,300,À Traiter (Actif),False,OncoCal,Oncology,2026-02-26 05:45:00,User_062
TIC-0662,Pharmacy inventory software calculates incorrect narcotic refill quantities.,"The algorithm is doubling the required stock levels for highly controlled substances, creating audit risks.",Bug,High,300,À Traiter (Actif),False,PharmCalc,Pharmacy,2026-02-26 04:15:00,User_027
TIC-1409,Unattended registration computer left logged into the main system.,"Hello IT, a terminal in the waiting area exposes patient identities. Please enforce aggressive automatic screen lock timeouts.",Bug,High,300,À Traiter (Actif),False,EchoReport,Cardiology,2026-03-04 22:50:00,User_016
TIC-1402,Dialysis patient chair built in massager causes electrical shorts.,"Hello, activating the comfort feature instantly trips the localized circuit breaker. Please remove this chair from the clinic.",Bug,Critical,300,À Traiter (Actif),False,TriageFast,ER,2026-03-04 21:05:00,User_084
TIC-0513,Operating room environmental control panel refuses to adjust the ambient temperature.,"The room is freezing cold, and the digital thermostat is ignoring all inputs. We need the temperature raised immediately to prevent patient hypothermia during lengthy procedures.",Bug,Medium,300,À Traiter (Actif),False,ORTemp,Surgery,2026-02-24 15:00:00,User_049
TIC-0501,Cardiac output measurement tool refuses to calibrate properly before surgical procedures.,"The baseline readings are completely skewed, showing negative fluid volumes. We cannot safely proceed with valve replacements until the calibration software is thoroughly patched.",Bug,High,300,À Traiter (Actif),False,CardioMeas,Cardiology,2026-02-24 12:00:00,User_042
TIC-1618,Operating room inventory application duplicates all digital usage logs.,"Hi IT, the software logic records every scanned item twice. Our digital stock audits are completely corrupted and useless.",Bug,Medium,300,À Traiter (Actif),False,ORStock,Surgery,2026-03-10 15:00:00,User_049
TIC-1125,Telehealth consultation video stream disconnects after exactly five minutes.,"Hello, the router firewall seems to be terminating the connections automatically. Doctors cannot complete remote patient interviews at all.",Bug,Critical,300,À Traiter (Actif),False,MammoOS,Radiology,2026-03-03 00:00:00,User_023
TIC-1115,Chemotherapy portal accessible without mandatory two factor authentication prompt.,"Good evening, the system let me log in with just a password. This violates our strict patient data regulations.",Bug,High,300,À Traiter (Actif),False,ParkBill,Car park,2026-03-02 21:30:00,User_076
TIC-0476,Electronic traction table software is ignoring the inputted maximum weight pulling limits.,"The machine applied significantly more force than programmed, causing the patient severe pain. We have emergency-stopped the device. This software is incredibly dangerous and needs auditing.",Bug,Critical,300,À Traiter (Actif),False,TractOS,Physiotherapy,2026-02-24 05:45:00,User_034
TIC-1681,Digital exercise prescription application deletes entire patient recovery histories.,"Hello IT, clicking save purges the database table entirely. We are losing months of digital clinical documentation every day.",Bug,Critical,300,À Traiter (Actif),False,ExerWipe,Physiotherapy,2026-03-11 06:45:00,User_034
TIC-1676,Parking garage digital capacity algorithm calculates negative available spaces.,"Hello team, the counting software logic is flawed. The electronic signs outside are completely confusing the arriving hospital visitors.",Bug,Low,300,À Traiter (Actif),False,ParkCount,Car park,2026-03-11 05:30:00,User_015
TIC-1666,Dietary meal planning software ignores severe digital allergy flags.,"Hello team, the algorithmic safety net completely failed. The system authorized a dairy meal for a highly allergic patient.",Bug,Critical,300,À Traiter (Actif),False,AllergyFail,Kitchen,2026-03-11 03:00:00,User_099
TIC-0688,Oncology chemo mixing software calculates negative drug volumes.,The fluid math logic is broken and telling pharmacists to extract liquid that doesn't exist.,Bug,Critical,300,À Traiter (Actif),False,ChemoMath,Oncology,2026-02-26 10:45:00,User_031
TIC-0681,Surgical tracking board shows incorrect patient operation times.,The display says the surgery has been running for forty hours due to a timezone bug.,Bug,Low,300,À Traiter (Actif),False,BoardTime,Surgery,2026-02-26 09:00:00,User_076
TIC-1393,Laboratory biohazard waste bin electronic lock refuses administrator pins.,"Good morning, we cannot open the incinerator bins to dispose of the infectious blood samples. Override the lock.",Bug,Critical,300,À Traiter (Actif),False,SlideDistort,Pathology,2026-03-05 19:00:00,User_015
TIC-1390,Radiology portable ultrasound probe software crashes during vascular scans.,"Greetings, the image processing engine freezes when tracking blood flow. The workstation requires a massive software patch today.",Bug,Medium,300,À Traiter (Actif),False,NameRuin,Maternity,2026-03-05 18:15:00,User_062
TIC-1264,Front desk thermal badge printer displays an unrecoverable hardware fault.,"Good morning, the main board is fried. We cannot print physical identification stickers for the incoming hospital visitors.",Bug,Critical,300,À Traiter (Actif),False,MixMath,Pharmacy,2026-03-04 10:45:00,User_014
TIC-0621,Patient tracking whiteboard fails to update bed assignments.,The digital board is stuck showing patients who were discharged hours ago. Restart the display.,Bug,Medium,300,À Traiter (Actif),False,ERBoard,ER,2026-02-25 18:00:00,User_088
TIC-1421,Night shift technicians denied access to the refrigerator logs.,"Hi there, the group policy stripped their permissions. They cannot verify if the vaccines stayed cold overnight safely.",Bug,Critical,300,À Traiter (Actif),False,MammoView,Radiology,2026-03-05 02:45:00,User_009
TIC-1415,Electrocardiogram machine auto populates wrong patient demographics entirely randomly.,"Hello IT, the software pulls the previous patient data into new scans. This ruins the medical record integrity completely.",Bug,High,300,À Traiter (Actif),False,TrackOptic,Surgery,2026-03-05 00:40:00,User_059
TIC-0524,Picture archiving database search function returns completely incorrect historical patient scans.,Searching for John Doe pulls up x-rays for Jane Smith. The database indexing is completely corrupted and mixing up medical records across the entire department securely.,Bug,High,300,À Traiter (Actif),False,PACSSearch,Radiology,2026-02-24 17:45:00,User_062
TIC-1585,Clinic receptionist password reset tool sends broken links.,Hello IT. She cannot regain access to the appointment scheduling system because the automated recovery email points to a dead webpage.,Bug,High,300,À Traiter (Actif),False,ProbeCrash,Radiology,2026-03-07 05:00:00,User_051
TIC-0978,Patient exercise tracking wearable sensors fail bluetooth pairing process.,Therapists cannot record joint mobility data because the tablets simply refuse to recognize the external hardware devices anymore.,Bug,Low,300,À Traiter (Actif),False,WearPair,Physiotherapy,2026-03-01 11:15:00,User_082
TIC-0988,Infant security ankle tag pairs with the wrong mother.,"The database logic is scrambled, causing the abduction alarms to sound when the correct mother holds her baby.",Bug,High,300,À Traiter (Actif),False,TagLogic,Maternity,2026-03-01 13:45:00,User_031
TIC-0986,Central fetal monitoring dashboard displays entirely garbled graphical data.,"The heart rate tracings are visually corrupted, making it impossible to detect if a baby is in distress.",Bug,Critical,300,À Traiter (Actif),False,FetalGraph,Maternity,2026-03-01 13:15:00,User_014
TIC-1627,Radiologist voice dictation software fails to parse medical terminology.,"Greetings, the artificial intelligence engine replaces clinical words with gibberish. The digital transcription process is completely halted for doctors.",Bug,Medium,300,À Traiter (Actif),False,VoiceAI,Radiology,2026-03-10 17:15:00,User_031
TIC-1412,Cardiac output monitoring application calculates stroke volumes entirely backward.,"Hi there, the algorithm reverses the fluid metrics completely. This mathematical error puts unstable heart failure patients at risk.",Bug,Critical,300,À Traiter (Actif),False,SurgiWeb,Surgery,2026-03-04 23:45:00,User_038
TIC-0642,Pharmacy automated dispenser arm stuck in continuous loop.,The robot keeps trying to grab the same empty pill bottle and ignoring new requests.,Bug,Medium,300,À Traiter (Actif),False,PillArm,Pharmacy,2026-02-25 23:15:00,User_014
TIC-0641,Surgical consent forms missing required digital signatures entirely.,"The tablet software skips the signature screen, leaving us without legal authorization for upcoming operations.",Bug,Critical,300,À Traiter (Actif),False,ConsentPad,Surgery,2026-02-25 23:00:00,User_051
TIC-0649,Pediatric electronic scales recording weight in entirely wrong units.,"The bed scales are logging kilograms as pounds, causing massive discrepancies in infant drug dosing.",Bug,Critical,300,À Traiter (Actif),False,ScaleLink,Pediatrics,2026-02-26 01:00:00,User_015
TIC-0863,Surgical robotic console fails to recognize the proprietary camera hardware.,The system refuses to initialize because it incorrectly identifies the attached endoscope as an unapproved third-party medical device.,Bug,High,300,À Traiter (Actif),False,CamIdentify,Surgery,2026-02-28 06:30:00,User_051
TIC-0852,Reception lobby paging microphone broadcasts audio to the wrong floors.,Calling for a doctor in the main hall projects the sound into the surgical recovery rooms by mistake.,Bug,Medium,300,À Traiter (Actif),False,MicRoute,Reception,2026-02-28 03:45:00,User_012
TIC-1278,Parking payment kiosk calculates negative durations for overnight visitors.,"Greetings, the software clock is totally broken. The machine is attempting to refund money to departing hospital patients.",Bug,Medium,300,À Traiter (Actif),False,NameEdit,Maternity,2026-03-04 14:15:00,User_082
TIC-1251,Chemotherapy mixing software calculates completely impossible fluid volumes entirely.,"Hello team, the math logic is demanding negative milliliters of toxic drugs. The update broke the calculator completely.",Bug,High,300,À Traiter (Actif),False,ChartLock,Pediatrics,2026-03-04 07:30:00,User_055
TIC-1250,Transcranial doppler ultrasound software displays a memory fault code.,"Dear IT, the application crashes when calculating cerebral blood flow velocities. The workstation requires more random access memory.",Bug,Critical,300,À Traiter (Actif),False,PlanFlip,Oncology,2026-03-04 07:15:00,User_071
TIC-1243,Chemistry analyzer connection to the interface engine failed completely.,"Greetings, the machine works but cannot push metabolic results to the hospital network. Check the ethernet cable please.",Bug,Critical,300,À Traiter (Actif),False,DoseShift,Surgery,2026-03-04 05:30:00,User_088
TIC-1559,Inventory forecasting database throws a massive SQL error.,"Greetings. The query syntax is broken, preventing the software from calculating our daily supply needs. The application requires immediate code repair.",Bug,High,300,À Traiter (Actif),False,BladeCount,Pathology,2026-03-06 22:30:00,User_076
TIC-0546,Radiation linear accelerator safety interlock software prevents the machine from firing.,"The system falsely believes the heavy vault door is open. The physical door is securely shut, but the digital sensor is failing, completely halting all morning cancer treatments.",Bug,Critical,300,À Traiter (Actif),False,LinacDoor,Oncology,2026-02-24 23:15:00,User_062
TIC-0957,Public announcement speakers play hold music instead of pages.,The audio routing matrix is completely scrambled. We cannot call emergency codes to the front of the hospital.,Bug,High,300,À Traiter (Actif),False,PAAudio,Reception,2026-03-01 06:00:00,User_049
TIC-0951,Pediatric medication scanning system identifies vitamins as heavy narcotics.,"The barcode database mapping is entirely corrupted, causing the cabinet to issue severe warnings for completely harmless supplements.",Bug,High,300,À Traiter (Actif),False,PediScan,Pediatrics,2026-03-01 04:30:00,User_055
TIC-1155,Radiation therapy planning software inverts patient left and right.,"Hello IT, the rendering engine is flipping the 3D models. We risk targeting the wrong organs with heavy radiation.",Bug,High,300,À Traiter (Actif),False,TicketRead,Car park,2026-03-03 07:30:00,User_067
TIC-1152,Admissions queue management television displays a massive hex code.,"Hi there, the signage computer crashed hard. The waiting room is chaotic because nobody knows their current queue number.",Bug,Medium,300,À Traiter (Actif),False,MicRoute,Reception,2026-03-03 06:45:00,User_012
TIC-1612,Heart failure prediction algorithm utilizes outdated patient demographic variables.,"Greetings, the software logic pulls the wrong database columns. The digital risk scores are completely inaccurate and clinically dangerous.",Bug,Critical,300,À Traiter (Actif),False,PredictOS,Cardiology,2026-03-10 13:30:00,User_055
TIC-1609,Trauma tracking application calculates patient wait times completely incorrectly.,"Good morning, the software algorithm adds twelve hours to every arrival. The digital triage queue is completely disorganized today.",Bug,High,300,À Traiter (Actif),False,TrackAlg,ER,2026-03-10 12:45:00,User_023
TIC-1599,Automated supply ordering script duplicates all outgoing purchases.,"Greetings. The software logic flaw is submitting every purchase order twice, threatening to completely drain our financial resources by tomorrow morning.",Bug,Critical,300,À Traiter (Actif),False,SawVac,Pathology,2026-03-07 08:30:00,User_067
TIC-0531,Hospital bed management interface incorrectly lists male patients in maternity wards.,The automated assignment algorithm is completely ignoring gender and department rules. We are having to manually override every single room assignment to prevent massive logistical embarrassment.,Bug,High,300,À Traiter (Actif),False,BedAssign,Admissions,2026-02-24 19:30:00,User_093
TIC-0527,Intensive care electronic whiteboard completely fails to update the nursing assignments.,The large display screen in the hallway is frozen on yesterday's shift schedule. Nobody knows who is covering which bed without asking the charge nurse directly.,Bug,Low,300,À Traiter (Actif),False,ICUBoard,ICU,2026-02-24 18:30:00,User_015
TIC-1548,Surgical robotic console experiences massive network latency spikes.,Hi IT. The physical instruments are lagging behind the surgeon's hand movements. This delay is catastrophic for delicate internal operative procedures.,Bug,High,300,À Traiter (Actif),False,PipeCal,Lab,2026-03-06 19:45:00,User_042
TIC-1542,Dialysis supply closet biometric fingerprint reader rejects everyone.,Good morning. The system wiped the authorized user database overnight. We cannot retrieve the necessary blood tubing for the morning shifts.,Bug,Medium,300,À Traiter (Actif),False,GelHeat,Cardiology,2026-03-06 18:15:00,User_014
TIC-1535,Oncology pharmacy technician lacks access to compounding portal.,Hello IT. Her profile was updated but missing the specific group policy for the hazardous drug mixing interface. Please correct this.,Bug,Medium,300,À Traiter (Actif),False,SpaceSensor,Car park,2026-03-06 16:30:00,User_049
TIC-1178,Dietary management server allows default admin password remote logins.,"Good morning, the vendor never changed the factory credentials. Anyone can access the patient food allergy database over wifi.",Bug,Critical,300,À Traiter (Actif),False,TagPair,Maternity,2026-03-03 13:15:00,User_082
TIC-0971,Staff parking garage boom gate drops rapidly on vehicles.,"The safety laser sensor is failing, causing the heavy metal arm to smash the windshields of departing doctors.",Bug,High,300,À Traiter (Actif),False,GateSensor,Car park,2026-03-01 09:30:00,User_015
TIC-1138,Dishwashing sanitation temperature sensor reports an impossible freezing error.,"Hi there, the water is boiling hot physically, but the digital display reads zero degrees. It halts the machine.",Bug,Critical,300,À Traiter (Actif),False,PumpLimit,Maternity,2026-03-03 03:15:00,User_008
TIC-1130,Radiologist dictation pedal usb cable severed by rolling chair.,"Greetings, the hardware is completely destroyed. The doctor cannot transcribe the morning brain scans without a replacement foot pedal.",Bug,Critical,300,À Traiter (Actif),False,HoodAlarm,Oncology,2026-03-03 01:15:00,User_012
TIC-1572,Patient registration database assigns identical medical record numbers.,"Good morning. The generation logic is broken, creating duplicate identities for different arriving patients. This ruins the integrity of clinical histories.",Bug,Low,300,À Traiter (Actif),False,WheelTrack,Reception,2026-03-07 01:45:00,User_071
TIC-1236,Patient identity scanner throws a fatal driver exception code.,"Hello team, the hardware cannot initialize. We are unable to digitally capture incoming driver licenses today completely.",Bug,Medium,300,À Traiter (Actif),False,GymSched,Physiotherapy,2026-03-04 03:45:00,User_019
TIC-0898,Maternity infant weight scale calculates completely impossible negative mass values.,"The digital logic is broken, recording that a newborn baby weighs negative two kilograms. Fix the internal math.",Bug,Medium,300,À Traiter (Actif),False,ScaleMath,Maternity,2026-02-28 15:15:00,User_034
TIC-0878,Maternity ward secure infant identification tags misalign their pairing codes.,"A mother's bracelet is incorrectly linked to the wrong baby's ankle tag, causing false alarms when they separate.",Bug,Critical,300,À Traiter (Actif),False,TagPair,Maternity,2026-02-28 10:15:00,User_082
TIC-0870,Oncology appointment scheduling software double books the radiation therapy bunker.,The calendar tool allows two different patients to be scheduled for the single linear accelerator at identical times.,Bug,High,300,À Traiter (Actif),False,RadOverlap,Oncology,2026-02-28 08:15:00,User_042
TIC-0884,Pharmacy automated counting robot dispenses incorrect quantities of small pills.,"The optical sensor miscounts the tiny tablets, leading to patients receiving the wrong number of pills at discharge.",Bug,High,300,À Traiter (Actif),False,OpticCount,Pharmacy,2026-02-28 11:45:00,User_027
TIC-1229,Lead radiologist locked out of the image archiving server administrator.,"Good morning, the system revoked my elevated permissions completely. I cannot delete corrupted test scans from the database.",Bug,Medium,300,À Traiter (Actif),False,MemApp,Neurology,2026-03-04 02:00:00,User_055
TIC-1226,Mammography image viewer distorts the actual breast tissue completely.,"Hello team, the contrast enhancement feature introduces fake shadows. This severely compromises our daily cancer diagnostics significantly.",Bug,High,300,À Traiter (Actif),False,FeedErr,ICU,2026-03-04 01:15:00,User_042
TIC-1222,Intravenous mixing software calculates completely wrong pediatric dilutions.,"Dear IT, the math engine is recommending excessive saline. This is a severe clinical risk for infants entirely.",Bug,Critical,300,À Traiter (Actif),False,DyeCalc,Cardiology,2026-03-04 00:15:00,User_031
TIC-1519,Supply forecasting engine deletes upcoming expected delivery dates.,Greetings. The application is purging the arrival times for our medical inventory. We have no idea when new syringes are arriving.,Bug,Critical,300,À Traiter (Actif),False,BoneDecalc,Pathology,2026-03-06 12:30:00,User_051
TIC-1508,Robotic instrument controller translates hand motions completely incorrectly.,"Hi IT, the mapping algorithm is entirely backward. When the surgeon moves left, the mechanical scalpel shifts right. This is terrifying.",Bug,High,300,À Traiter (Actif),False,DishPrint,Lab,2026-03-06 09:45:00,User_012
TIC-0561,Automated dietary tray assembly belt completely ignores the halting command button.,The conveyor belt continues to roll even when plates are piling up and smashing at the end. We had to cut the main breaker to stop the machinery completely.,Bug,High,300,À Traiter (Actif),False,BeltStop,Kitchen,2026-02-25 03:00:00,User_099
TIC-0556,Main hospital switchboard directory software is completely missing the surgery department.,The operators cannot transfer calls to the operating rooms because the entire surgical block has vanished from the digital phonebook. Relatives are very upset they cannot get surgical updates.,Bug,High,300,À Traiter (Actif),False,PhoneDir,Reception,2026-02-25 01:45:00,User_082
TIC-0943,Neurology clinic appointment reminder software sends messages at midnight.,"The automated system's timezone configuration is corrupted, waking up our dementia patients in the middle of the night.",Bug,Medium,300,À Traiter (Actif),False,NeuroRemind,Neurology,2026-03-01 02:30:00,User_088
TIC-0541,Deep brain stimulator programming application crashes when saving new electrical parameters.,"The neurologist spends an hour fine-tuning the implant, but the app force-closes without writing the changes to the device. The patient's severe tremors are not being controlled.",Bug,High,300,À Traiter (Actif),False,StimProg,Neurology,2026-02-24 22:00:00,User_051
TIC-0536,Automated blood culture incubation system reports false positive bacterial growth alarms.,The optical sensors are malfunctioning and flagging perfectly sterile samples as infected. We are wasting expensive antibiotics on patients who do not actually have blood infections.,Bug,High,300,À Traiter (Actif),False,CultureWatch,Lab,2026-02-24 20:45:00,User_019
TIC-1555,Chemotherapy patient education tablets fail to connect wirelessly.,Hello IT. The devices cannot reach the internet because the local access point in the infusion room seems entirely dead today.,Bug,Low,300,À Traiter (Actif),False,SpaceLight,Car park,2026-03-06 21:30:00,User_067
TIC-1551,Intensive care charting workstation abandoned without being locked.,"Dear IT, a computer in the hallway was left logged into a highly sensitive patient file. Please reduce the auto-lock timer.",Bug,High,300,À Traiter (Actif),False,PhotoTime,Pediatrics,2026-03-06 20:30:00,User_055
TIC-0914,Laparoscopic video recorder saves files in an unsupported format.,The software update changed the video codec maliciously. We cannot playback the surgical footage for legal documentation.,Bug,Medium,300,À Traiter (Actif),False,LaparoRec,Surgery,2026-02-28 19:15:00,User_019
TIC-0603,Surgical robot camera feed stutters during fine movements.,The laparoscopic video lags heavily when the surgeon moves the robotic arms. Check the drivers.,Bug,High,300,À Traiter (Actif),False,RoboView,Surgery,2026-02-25 13:30:00,User_088
TIC-0596,Telehealth video conferencing portal completely drops the audio feed after five minutes.,"The doctor and patient can see each other, but the sound completely cuts out on every single call. The audio server clearly has a massive timeout bug entirely today.",Bug,High,300,À Traiter (Actif),False,TeleAudio,Outpatient Clinic,2026-02-25 11:45:00,User_012
TIC-1442,Blood gas analyzer fails to send results to network.,"Hi there, the serial to ethernet converter is broken. Emergency respiratory data is trapped on the local machine.",Bug,High,300,À Traiter (Actif),False,StrokeFreeze,Neurology,2026-03-05 08:00:00,User_053
TIC-1434,Arterial line blood pressure software calculates incorrect mean pressures.,"Good morning, the mathematical averaging algorithm is flawed entirely. It displays dangerously low numbers that contradict physical pulses.",Bug,Medium,300,À Traiter (Actif),False,InsureNet,Admissions,2026-03-05 06:00:00,User_064
TIC-1215,Consulting cardiologist denied permission to view surgical schedules.,"Hello IT, her temporary account lacks calendar viewing rights. She cannot coordinate upcoming pacemaker implantations today entirely.",Bug,High,300,À Traiter (Actif),False,ParkScan,Car park,2026-03-03 22:30:00,User_076
TIC-1208,Night shift doctors locked out of blood bank.,"Good evening, the system rejects our emergency override credentials. We need immediate access to O-negative units securely.",Bug,Critical,300,À Traiter (Actif),False,SortBot,Lab,2026-03-03 20:45:00,User_012
TIC-0931,Patient demographic intake form saves names in entirely lowercase.,"The text formatting logic is broken, creating highly unprofessional wristbands and official hospital paperwork for every new admission.",Bug,Low,300,À Traiter (Actif),False,IntakeForm,Admissions,2026-02-28 23:30:00,User_093
TIC-0572,License plate recognition camera completely fails to read dirty vehicle plates.,The optical software is entirely too sensitive and rejects cars with mild dust on the bumper. Registered doctors are being forced to pay the daily maximum rate to leave.,Bug,Low,300,À Traiter (Actif),False,PlateRead,Car park,2026-02-25 05:45:00,User_071
TIC-0567,Medical supply automated reordering algorithm ordered fifty times the necessary bandages.,The system generated a massive purchase order that will consume our entire quarterly budget immediately. The math logic in the software update is totally flawed. Cancel the outgoing orders.,Bug,High,300,À Traiter (Actif),False,OrderMath,Stock,2026-02-25 04:30:00,User_004
TIC-0926,Intensive care central monitoring station reboots in a loop.,"The main computer crashes continuously, leaving the nursing desk totally blind to patient vital signs across the unit.",Bug,Critical,300,À Traiter (Actif),False,ICUMonitor,ICU,2026-02-28 22:15:00,User_042
TIC-1170,New radiology technicians locked out of the scheduling portal.,"Hi team, their active directory accounts were created without the required departmental group permissions. They cannot view incoming appointments.",Bug,High,300,À Traiter (Actif),False,RadOverlap,Oncology,2026-03-03 11:15:00,User_042
TIC-1528,Surgical theater electronic entry door rejects authorized staff.,Hi IT. The radio frequency badge reader is flashing red for everyone. The scrub nurses are locked out of the room.,Bug,Critical,300,À Traiter (Actif),False,GramStain,Lab,2026-03-06 14:45:00,User_071
TIC-1461,Main lobby public announcement microphone button is physically stuck.,"Hello IT, the channel is permanently open, broadcasting all our desk conversations to the entire waiting room currently.",Bug,Critical,300,À Traiter (Actif),False,AllergyIgnore,Kitchen,2026-03-05 12:45:00,User_033
TIC-1455,Radiation dosimeter badge scanning dock has a broken USB.,"Dear team, the connector is completely sheared off. We cannot digitally upload the staff radiation exposure safety logs.",Bug,Medium,300,À Traiter (Actif),False,GrowBack,Pediatrics,2026-03-05 11:15:00,User_018
TIC-1450,Stroke alert pager system duplicates messages to all users.,"Dear team, every doctor receives the same emergency page five times in a row. Fix the routing logic.",Bug,High,300,À Traiter (Actif),False,RegScramble,Oncology,2026-03-05 10:00:00,User_089
TIC-0891,Pediatric ward baby formula warmer displays a dangerous temperature glitch.,"The digital reading says it is cool, but the water bath is actually boiling. Calibrate the thermal sensor.",Bug,Critical,300,À Traiter (Actif),False,ThermGlitch,Pediatrics,2026-02-28 13:30:00,User_023
TIC-1201,Aquatic therapy pool chemical controller throws a hardware exception.,"Hi there, the digital monitor crashed. We cannot verify the chlorine levels safely before allowing patients into the water.",Bug,Critical,300,À Traiter (Actif),False,TrackGPS,ER,2026-03-03 19:00:00,User_042
TIC-1192,Patient registration portal vulnerable to basic cross site scripting.,"Good morning, malicious code can be injected into the address fields. We need to sanitize the web database inputs.",Bug,Medium,300,À Traiter (Actif),False,MicRoute,Reception,2026-03-03 16:45:00,User_042
TIC-0947,Chemotherapy mixing hood airflow monitor displays false positive alarms.,"The digital sensor is defective, screaming that toxic fumes are escaping when the physical ventilation is working perfectly.",Bug,Medium,300,À Traiter (Actif),False,HoodSense,Oncology,2026-03-01 03:30:00,User_023
TIC-1476,Automated payment kiosk screen displays a fatal memory dump.,"Hello, the computer crashed to a blue screen. Departing visitors cannot pay their fees and are completely trapped.",Bug,Medium,300,À Traiter (Actif),False,TextMirror,Physiotherapy,2026-03-05 16:30:00,User_029
TIC-0591,Automated tissue staining machine robotic arm completely misses the chemical fluid baths.,The mechanical arm is misaligned by two inches and is dropping valuable biopsy slides entirely onto the counter. The calibration file in the software is completely corrupted and broken.,Bug,Critical,300,À Traiter (Actif),False,StainBot,Pathology,2026-02-25 10:30:00,User_023
TIC-0586,Fetal heart rate central monitoring dashboard displays a completely garbled visual interface.,The screen is showing overlapping graphs and unreadable text. The nurses cannot accurately interpret the health of the babies from the main desk. Reinstall the display software drivers immediately.,Bug,High,300,À Traiter (Actif),False,FetalDash,Maternity,2026-02-25 09:15:00,User_014
TIC-0581,Dialysis machine blood pressure cuff completely overinflates and bruises the patient.,The automated software ignores the safety release valve and pumps the cuff to incredibly painful pressures. We have immediately halted the use of this specific machine pending a repair.,Bug,High,300,À Traiter (Actif),False,CuffOver,Dialysis,2026-02-25 08:00:00,User_076
TIC-0908,Cardiac catheterization lab display shows flipped anatomical vascular images.,The video processor software is reversing the left and right sides of the heart during live interventions.,Bug,Critical,300,À Traiter (Actif),False,CathView,Cardiology,2026-02-28 17:45:00,User_012
TIC-0936,Hematology automated slide stainer applies incorrect chemical dye volumes.,"The robotic pump is miscalibrated, destroying the blood smears completely. Pathologists cannot diagnose leukemia without these physical slides.",Bug,Critical,300,À Traiter (Actif),False,SlideStain,Lab,2026-03-01 00:45:00,User_019
TIC-0552,Pediatric medication scanning system recognizes liquid Tylenol as high dose morphine.,The barcode database mapping is completely corrupted. A nurse scanning a basic pain reliever gets a massive red narcotic warning on her screen. Fix the inventory drug codes immediately.,Bug,Critical,300,À Traiter (Actif),False,PediScan,Pediatrics,2026-02-25 00:45:00,User_012
TIC-0576,Aquatic therapy pool digital temperature controller is stuck on maximum heat.,The water is dangerously hot and the touchscreen interface refuses to accept the command to lower the temperature. We have closed the pool entirely to prevent severe patient burns.,Bug,Critical,300,À Traiter (Actif),False,PoolHeat,Physiotherapy,2026-02-25 06:45:00,User_034
TIC-0410,Echocardiogram measurement tools are calculating physically impossible left ventricular ejection fractions.,The automated contour feature says a perfectly healthy heart is pumping at three percent efficiency. This math glitch is ruining our diagnostic accuracy. Reinstall the application.,Bug,High,300,À Traiter (Actif),False,EchoCalc,Cardiology,2026-02-23 13:15:00,User_034
TIC-0437,Automated hematology analyzer is misinterpreting normal white blood cells as cancerous.,The machine's pattern recognition software is flagging completely healthy patients for leukemia. We are having to manually review every single slide under a microscope. Patch the algorithm.,Bug,Critical,300,À Traiter (Actif),False,HemaScan,Lab,2026-02-23 20:00:00,User_076
TIC-1746,Deep brain stimulator programming application calculates incorrect voltage limits.,"Hello team, the software algorithm is flawed. It recommends dangerous digital parameters that could severely harm our neurology patients.",Bug,Critical,300,À Traiter (Actif),False,StimVolt,Neurology,2026-03-10 22:00:00,User_051
TIC-1077,Electronic traction table software ignores the maximum weight limits.,The machine pulled with excessive force during a spinal decompression session. We have unplugged the dangerous equipment completely.,Bug,Critical,300,À Traiter (Actif),False,TractBug,Physiotherapy,2026-03-02 12:00:00,User_067
TIC-1021,Mammography image processing software creates artificial shadows on scans.,The diagnostic filter is introducing fake artifacts that look exactly like tumors. Disable this specific image enhancement module.,Bug,Critical,300,À Traiter (Actif),False,MammoFilter,Radiology,2026-03-01 22:00:00,User_088
TIC-1016,Automated pill counter adds exactly five extra pills constantly.,The optical sensor miscounts every single prescription bottle. We are wasting expensive medications and ruining our inventory audits.,Bug,High,300,À Traiter (Actif),False,PillCount,Pharmacy,2026-03-01 20:45:00,User_008
TIC-1321,Physiotherapy liquid wax bath heater digital thermostat fails completely.,"Hello IT, the internal temperature logic is ruined. The wax is boiling and presents a massive burn hazard.",Bug,Critical,300,À Traiter (Actif),False,MammoView,Radiology,2026-03-05 01:00:00,User_088
TIC-0809,Neurology seizure monitoring camera recording fails after ten minutes.,The local hard drive fills up instantly due to a massive memory leak in the recording application.,Bug,Medium,300,À Traiter (Actif),False,SeizureCam,Neurology,2026-02-27 17:00:00,User_093
TIC-1355,Oncology chemotherapy spill kit electronic locker refuses security badges.,"Greetings, the RFID reader is dead. We cannot access the hazardous materials cleanup gear during a toxic spill.",Bug,Medium,300,À Traiter (Actif),False,GrowBack,Pediatrics,2026-03-05 09:30:00,User_067
TIC-1350,Radiology MRI patient music system plays incredibly loud static.,"Hi team, the audio interface is corrupted. Patients are terrified by the deafening noise inside the scanning tube.",Bug,High,300,À Traiter (Actif),False,RegScramble,Oncology,2026-03-05 08:15:00,User_071
TIC-0803,Surgical scheduling database assigns multiple operations to one theater.,The calendar tool allows overlapping procedures in the main surgical suite. We are manually resolving the conflicts.,Bug,High,300,À Traiter (Actif),False,SurgiPlan,Surgery,2026-02-27 15:30:00,User_088
TIC-1335,Oncology radiation dosimeter badge reader software throws network errors.,"Hello IT, the terminal cannot upload staff radiation exposure levels to the server. Check the ethernet port wiring.",Bug,Low,300,À Traiter (Actif),False,NameWipe,Admissions,2026-03-05 04:30:00,User_049
TIC-1333,Laboratory automated gram staining robot applies the wrong chemicals.,"Hi there, the dispensing algorithm is reversed. We cannot accurately identify bacterial infections using these ruined glass slides.",Bug,High,300,À Traiter (Actif),False,CoinMine,Admissions,2026-03-05 04:00:00,User_067
TIC-1761,Main hospital directory application search algorithm returns completely blank.,"Hello IT, the digital index is corrupted. Searching for any physician yields zero results on the public web interface.",Bug,Low,300,À Traiter (Actif),False,DirBlank,Reception,2026-03-11 01:45:00,User_082
TIC-0421,Magnetic resonance imaging chiller alarm is sending constant false overheat alerts.,"The liquid helium levels are perfectly stable, but the digital sensor insists the magnet is boiling off. We had to evacuate the scanning suite just in case.",Bug,High,300,À Traiter (Actif),False,MRIChill,Radiology,2026-02-23 16:00:00,User_088
TIC-0430,Patient bed automated turning mechanism is stuck tilting at a severe angle.,The patient is incredibly uncomfortable and at risk of sliding completely out of the mattress. The electronic control panel is unresponsive to all button presses currently.,Bug,Medium,300,À Traiter (Actif),False,BedControl,ICU,2026-02-23 18:15:00,User_012
TIC-0411,Robotic surgical arm calibration software freezes during the required initialization sequence.,"We have an anesthetized patient waiting on the table, but the control console simply locked up. The lead surgeon is furious. Send emergency support right away.",Bug,Critical,300,À Traiter (Actif),False,RoboArm,Surgery,2026-02-23 13:30:00,User_067
TIC-0420,Drug interaction database allows prescribing lethal combinations without generating any warnings.,"A doctor prescribed two medications that cause fatal bleeding when mixed, and the system stayed totally silent. This safety net failure is incredibly dangerous for patients.",Error,Critical,200,À Traiter (Actif),False,DrugAlert,Pharmacy,2026-02-23 15:45:00,User_014
TIC-1762,Visitor management web portal displays a fatal runtime error.,"Greetings, the application crashed hard. We cannot digitally register incoming family members at the main front desk currently today.",Error,Medium,200,À Traiter (Actif),False,VisError,Reception,2026-03-11 02:00:00,User_049
TIC-1040,Mass spectrometer data processing module throws a memory exception.,The software runs out of random access memory and crashes halfway through analyzing complex chemical compounds. Needs upgrade.,Error,Medium,200,À Traiter (Actif),False,SpecMem,Lab,2026-03-02 02:45:00,User_027
TIC-1325,Outpatient clinic digital height measuring stadiometer displays hexadecimal codes.,"Hello, the ultrasonic sensor crashed. We cannot accurately record patient heights into the electronic health record system today.",Error,Medium,200,À Traiter (Actif),False,XrayFault,Radiology,2026-03-05 02:00:00,User_023
TIC-1339,Warehouse receiving bay dock door electronic opener is unresponsive.,"Hello, the network relay failed. We cannot lift the heavy steel doors to accept the morning medical deliveries.",Error,Critical,200,À Traiter (Actif),False,BloodSQL,Lab,2026-03-05 05:30:00,User_099
TIC-1351,Intensive care enteral feeding tube warmer throws an exception.,"Good morning, the digital controller crashed to a hex code. We cannot heat the nutrition for the patient.",Error,Critical,200,À Traiter (Actif),False,IncubatorErr,Pediatrics,2026-03-05 08:30:00,User_055
TIC-1358,Kitchen industrial blender touchscreen timer displays a kernel panic.,"Good morning, the heavy duty mixer crashed entirely. We cannot prepare the specialized puree diets for swallowing patients.",Error,Medium,200,À Traiter (Actif),False,GuestBypass,Reception,2026-03-05 10:15:00,User_019
TIC-1345,Outpatient visual acuity eye chart application displays blurry letters.,"Dear IT, the monitor resolution settings are corrupted. We cannot accurately measure patient vision using this distorted screen.",Error,Medium,200,À Traiter (Actif),False,DopplerMem,Neurology,2026-03-05 07:00:00,User_004
TIC-0805,Radiology viewing monitors exhibit a severe yellow color distortion.,Doctors cannot accurately diagnose bone fractures because the screen color profiles are completely corrupted. Replace the displays.,Error,High,200,À Traiter (Actif),False,ViewPro,Radiology,2026-02-27 16:00:00,User_004
TIC-0808,Laboratory centrifuge vibrates violently and displays a hexadecimal error.,The rotor seems physically unbalanced despite proper tube loading techniques. We halted testing to prevent mechanical failure.,Error,High,200,À Traiter (Actif),False,SpinSafe,Lab,2026-02-27 16:45:00,User_012
TIC-0833,Kitchen dishwasher automated chemical dispenser throws a low pressure error.,The sanitizing fluid is not reaching the cleaning chamber. We are washing all patient food trays by hand.,Error,High,200,À Traiter (Actif),False,ChemDispense,Kitchen,2026-02-27 23:00:00,User_067
TIC-1319,Warehouse forklift battery monitoring dashboard displays a blue screen.,"Hi there, the computer crashed completely. We do not know which logistics vehicles need recharging for the afternoon.",Error,Medium,200,À Traiter (Actif),False,RxPrint,Pharmacy,2026-03-05 00:30:00,User_051
TIC-1067,Supply chain forecasting database throws a massive SQL error.,The application cannot generate the daily restocking list because the database query syntax is entirely broken. Fix code.,Error,High,200,À Traiter (Actif),False,SQLStock,Stock,2026-03-02 09:30:00,User_004
TIC-1074,Security camera video recording server throws a storage exception.,"The hard drives are completely full, and the software failed to overwrite the oldest footage automatically as designed.",Error,High,200,À Traiter (Actif),False,DiskFull,Car park,2026-03-02 11:15:00,User_012
TIC-1026,Intensive care central telemetry server displays a fatal crash.,"The primary database stopped, blinding the nursing desk to all patient heart rates. Switch to the redundant server.",Error,Critical,200,À Traiter (Actif),False,TeleServe,ICU,2026-03-01 23:15:00,User_042
TIC-0578,Physiotherapy exercise scheduling database completely deletes recurring patient appointments without warning.,A patient booked for ten sessions just vanished from the calendar after the first visit. The database logic is entirely corrupted and destroying our clinic's ability to manage treatments.,Error,High,200,À Traiter (Actif),False,PhysioBook,Physiotherapy,2026-02-25 07:15:00,User_082
TIC-1498,Chemical fume hood digital airflow display screen is shattered.,"Greetings, a tool struck the glass. We cannot visually confirm that toxic formaldehyde is venting safely out outside.",Error,High,200,À Traiter (Actif),False,eRxDrop,Outpatient Clinic,2026-03-05 22:00:00,User_002
TIC-0933,Insurance eligibility verification gateway returns a massive XML error.,"The software cannot parse the data sent by the national health service, leaving us unable to verify coverage.",Error,High,200,À Traiter (Actif),False,InsureGate,Admissions,2026-03-01 00:00:00,User_067
TIC-0939,Chemistry analyzer software throws a catastrophic database connection exception.,"The machine is running the metabolic panels, but the results vanish because the local database bridge is broken.",Error,High,200,À Traiter (Actif),False,ChemBase,Lab,2026-03-01 01:30:00,User_099
TIC-0906,Echocardiogram contrast injector pump reports a fatal pressure exception.,The mechanical syringe driver crashed midway through a diagnostic scan. The patient study is completely ruined now.,Error,High,200,À Traiter (Actif),False,InjectFlow,Cardiology,2026-02-28 17:15:00,User_071
TIC-1475,Supply chain forecasting tool throws an unexpected SQL exception.,"Dear team, the application cannot run the daily inventory calculations because the backend database query syntax is broken.",Error,Critical,200,À Traiter (Actif),False,ParkEncrypt,Car park,2026-03-05 16:15:00,User_097
TIC-0582,Centralized water purification system quality monitor shows a completely false contamination warning.,"The digital sensor claims there are dangerous heavy metals in the water, but our manual chemical tests show it is perfectly pure. The faulty sensor halted all treatments entirely.",Error,Critical,200,À Traiter (Actif),False,WaterSens,Dialysis,2026-02-25 08:15:00,User_008
TIC-0594,Laboratory information database completely fails to generate the final signed pathology reports.,"The doctors have entered their cancer diagnoses, but the software throws a rendering error when attempting to create the PDF documents for the surgeons. Fix the document generation module.",Error,High,200,À Traiter (Actif),False,ReportGen,Pathology,2026-02-25 11:15:00,User_071
TIC-0595,Electron microscope imaging software completely locks up during high resolution file exports.,The computer runs entirely out of memory and freezes solid when attempting to save the massive image files to the shared network drive. We need a massive RAM upgrade.,Error,Medium,200,À Traiter (Actif),False,MicroExport,Pathology,2026-02-25 11:30:00,User_055
TIC-0946,Linear accelerator radiation treatment console freezes during safety checks.,The machine halts the entire daily treatment schedule because the software crashes while verifying the heavy lead doors.,Error,Critical,200,À Traiter (Actif),False,LinacCheck,Oncology,2026-03-01 03:15:00,User_062
TIC-1190,Digital x-ray imaging software inverses the black and white.,"Hello IT, the rendering engine is flipping the contrast completely. Radiologists cannot interpret these distorted bone fracture images accurately.",Error,High,200,À Traiter (Actif),False,BootFail,Oncology,2026-03-03 16:15:00,User_062
TIC-1199,Warehouse inventory management database exposes plain text user passwords.,"Good morning, the backend system stores credentials without hashing them. This is a severe internal security policy violation entirely.",Error,Medium,200,À Traiter (Actif),False,FocusErr,Pathology,2026-03-03 18:30:00,User_067
TIC-1451,Linear accelerator control console displays a fatal cooling error.,"Hello, the radiation machine halted to prevent overheating. We cannot treat any cancer patients until the system restarts.",Error,Critical,200,À Traiter (Actif),False,IncubatorErr,Pediatrics,2026-03-05 10:15:00,User_007
TIC-1459,Infant abduction alarm system receiver loses connection to server.,"Good morning, the hallway antennas cannot communicate with the security desk. We are blind to any unauthorized movements.",Error,High,200,À Traiter (Actif),False,BadgeFault,Reception,2026-03-05 12:15:00,User_001
TIC-1464,Hospital directory touchscreen kiosk searches return completely blank pages.,"Good morning, typing a doctor's name yields zero results. The local database index is entirely corrupted and broken.",Error,High,200,À Traiter (Actif),False,DishWater,Kitchen,2026-03-05 13:30:00,User_054
TIC-1465,Visitor log web application crashes when exporting daily reports.,"Dear team, the system throws a java exception when we try to generate the mandatory security audit spreadsheets.",Error,Critical,200,À Traiter (Actif),False,MeatOrder,Kitchen,2026-03-05 13:45:00,User_011
TIC-1466,Commercial dishwasher chemical dispenser reports a fatal logic error.,"Hello, the machine halted. It thinks it is out of sanitizer, but the physical tanks are completely full.",Error,Critical,200,À Traiter (Actif),False,RecordWipe,Stock,2026-03-05 14:00:00,User_090
TIC-1520,Visitor parking payment terminal drops financial banking uplink.,Hello. The credit card processor cannot communicate with the external banks. Departing vehicles are trapped because transactions are timing out continuously.,Error,Low,200,À Traiter (Actif),False,HeightOS,Outpatient Clinic,2026-03-06 12:45:00,User_014
TIC-0963,Automated dishwashing conveyor belt motor throws a voltage error.,The sanitation line is completely halted. We are serving meals on disposable paper plates until the machinery runs.,Error,High,200,À Traiter (Actif),False,BeltMotor,Kitchen,2026-03-01 07:30:00,User_051
TIC-1159,Warehouse shipping label generator throws a fatal server exception.,"Hi there, the application completely crashes when compiling tracking numbers. We cannot dispatch any internal supplies to the wards.",Error,Medium,200,À Traiter (Actif),False,FocusErr,Pathology,2026-03-03 08:30:00,User_076
TIC-1166,Emergency triage vital sign monitor shows a fatal exception.,"Hi there, the operating system crashed completely. We cannot digitally record the blood pressure of incoming trauma bay patients.",Error,High,200,À Traiter (Actif),False,BatError,ICU,2026-03-03 10:15:00,User_031
TIC-1171,Intensive care ventilator dashboard runs unpatched legacy operating system.,"Good morning, the software has known network vulnerabilities. It must be updated or isolated completely from the clinical network.",Error,Critical,200,À Traiter (Actif),False,SQLCrash,Pediatrics,2026-03-03 11:30:00,User_015
TIC-0917,Narcotics inventory software calculates massive impossible negative stock values.,"The database math is corrupted, indicating we dispensed more morphine than we ever physically purchased this year.",Error,High,200,À Traiter (Actif),False,NarcoTrack,Pharmacy,2026-02-28 20:00:00,User_099
TIC-0921,Magnetic resonance imaging console displays a fatal memory exception.,The computer lacks sufficient random access memory to render the complex three dimensional vascular reconstructions properly today.,Error,High,200,À Traiter (Actif),False,MRICore,Radiology,2026-02-28 21:00:00,User_088
TIC-1479,Exit barrier mechanical boom gate arm is physically stuck.,"Good morning, the motor is whining but the metal arm will not lift. Send a maintenance technician immediately.",Error,Medium,200,À Traiter (Actif),False,CalPerm,Physiotherapy,2026-03-05 17:15:00,User_013
TIC-1480,Emergency intercom button on level three drops VoIP calls.,"Dear team, the network connection fails when pressed. Visitors cannot reach the security desk during a physical emergency.",Error,Critical,200,À Traiter (Actif),False,TractPress,Physiotherapy,2026-03-05 17:30:00,User_072
TIC-0568,Stockroom climate control monitoring software is showing an unreadable corrupted display.,The digital dashboard that verifies the temperature for sensitive surgical implants is just showing random symbols. We cannot guarantee the integrity of the materials without this monitoring software functioning.,Error,Medium,200,À Traiter (Actif),False,ClimateDash,Stock,2026-02-25 04:45:00,User_062
TIC-0574,Payment kiosk touchscreen software crashes during the credit card authorization phase.,"The screen goes totally blue right after the user inserts their card. The transaction fails, and the patient cannot exit the garage. The payment application requires a hard reset.",Error,High,200,À Traiter (Actif),False,KioskCrash,Car park,2026-02-25 06:15:00,User_012
TIC-1471,Warehouse receiving clerks locked out of the scanning tablets.,"Hello IT, their domain passwords expired simultaneously. We cannot digitally log the massive morning delivery of medical supplies.",Error,High,200,À Traiter (Actif),False,BladeJam,Car park,2026-03-05 15:15:00,User_086
TIC-1205,Outpatient receptionist denied access to the patient scheduling calendar.,"Hi team, the newly hired clerk lacks the active directory permissions to book upcoming doctor appointments. Please update roles.",Error,Critical,200,À Traiter (Actif),False,MRICool,Radiology,2026-03-03 20:00:00,User_004
TIC-1212,Heart failure prediction software ignores recent patient blood pressure.,"Good morning, the algorithm fails to incorporate new daily vitals. This renders the automated clinical warnings completely useless.",Error,Medium,200,À Traiter (Actif),False,DirKiosk,Reception,2026-03-03 21:45:00,User_082
TIC-1219,Surgical robot remote guidance console drops network packets.,"Hi team, the lag between hand movements and the robotic arms is terrifying. Check the fiber cables carefully.",Error,High,200,À Traiter (Actif),False,SlideView,Pathology,2026-03-03 23:30:00,User_051
TIC-1430,X-ray digital image viewer renders the bone structures completely black.,"Good morning, the contrast inversion tool is permanently stuck on. Doctors cannot diagnose fractures with these ruined images.",Error,High,200,À Traiter (Actif),False,NoteAccess,ICU,2026-03-05 05:00:00,User_003
TIC-1439,Admissions lobby televisions drop the queue management video feed.,"Good morning, the screens are black. The media player cannot reach the central broadcast server over the network.",Error,Critical,200,À Traiter (Actif),False,BloodSQL,Lab,2026-03-05 07:15:00,User_048
TIC-0608,EEG mapping software throws memory exception and crashes.,The brainwave mapping tool runs out of RAM after thirty minutes of use. Needs upgrading.,Error,High,200,À Traiter (Actif),False,NeuroMap,Neurology,2026-02-25 14:45:00,User_012
TIC-0912,Operating room ventilation monitor reports falsely low air exchanges.,"The digital sensor is broken. If the air is stagnant, we face a massive surgical infection risk.",Error,Critical,200,À Traiter (Actif),False,VentCheck,Surgery,2026-02-28 18:45:00,User_082
TIC-1553,Centrifuge electronic safety latch is physically stuck closed.,"Hi there. The spinning cycle ended, but the mechanical lock refuses to release. The separated blood samples are trapped inside entirely.",Error,High,200,À Traiter (Actif),False,BlendTimer,Kitchen,2026-03-06 21:00:00,User_093
TIC-0534,Financial counseling software fails to generate the mandated patient cost estimates.,The application throws a server exception when calculating out-of-pocket expenses. We cannot legally admit non-emergency patients without providing this document upfront. Please fix the pricing calculator.,Error,High,200,À Traiter (Actif),False,CostCalc,Admissions,2026-02-24 20:15:00,User_082
TIC-1150,Radiology picture archiving server vulnerable to external port scanning.,"Good morning, the firewall logs show malicious actors mapping our internal imaging database. Please block these foreign IP addresses.",Error,High,200,À Traiter (Actif),False,BootFail,Oncology,2026-03-03 06:15:00,User_071
TIC-0558,Front desk patient photo capture webcam causes the registration computer to crash.,Clicking the capture button results in an immediate blue screen of death on the terminal. We are bypassing the security photo requirement entirely just to keep the line moving.,Error,Medium,200,À Traiter (Actif),False,WebCamCrash,Reception,2026-02-25 02:15:00,User_019
TIC-0562,Kitchen inventory management software calculates negative quantities for fresh produce daily.,"The database math is failing, indicating we have negative fifty apples. This prevents the automated purchasing system from generating the required grocery orders for tomorrow's patient meal service entirely.",Error,Medium,200,À Traiter (Actif),False,ProduceMath,Kitchen,2026-02-25 03:15:00,User_027
TIC-1509,Malicious credential harvesting email opened by dispensary staff.,Greetings. A technician clicked a fraudulent link disguised as a payroll update. We need an immediate password reset and workstation quarantine.,Error,High,200,À Traiter (Actif),False,NerveStim,Neurology,2026-03-06 10:00:00,User_093
TIC-1514,Visiting neurologist lacks permission to read patient charts.,Greetings. The guest profile provided to our consultant does not include the viewing rights for the electronic medical records module today.,Error,Medium,200,À Traiter (Actif),False,ForkDash,Stock,2026-03-06 11:15:00,User_019
TIC-1233,Patient bedside telemetry monitors drop wireless access completely today.,"Greetings, the alarms are ringing locally but not at the central desk. Reboot the ceiling routers please.",Error,High,200,À Traiter (Actif),False,SanitizeErr,Kitchen,2026-03-04 03:00:00,User_067
TIC-1234,Intravenous infusion pump mounting bracket is physically cracked and dangerous.,"Good morning, the heavy machine could fall onto the patient. Please send maintenance to replace the clamp entirely.",Error,Medium,200,À Traiter (Actif),False,WifiBlock,Stock,2026-03-04 03:15:00,User_082
TIC-0885,Radiology department secure dictation server suffers a fatal kernel panic.,The primary server hosting all our voice transcriptions crashed completely and is stuck in a continuous reboot loop.,Error,Critical,200,À Traiter (Actif),False,KernelCrash,Radiology,2026-02-28 12:00:00,User_051
TIC-0871,Pediatric ward infant security tag database throws an SQL exception.,We cannot assign new alarm bracelets to incoming newborns because the database crashes upon saving new records completely.,Error,Critical,200,À Traiter (Actif),False,SQLCrash,Pediatrics,2026-02-28 08:30:00,User_015
TIC-0873,Kitchen food allergy database fails to flag severe shellfish allergies.,The warning system is broken. It permitted the kitchen to serve shrimp to a patient with known anaphylaxis.,Error,Critical,200,À Traiter (Actif),False,AllergyFail,Kitchen,2026-02-28 09:00:00,User_055
TIC-0877,Dialysis central dashboard displays an unrecoverable java runtime environment error.,The main application crashed hard. We cannot monitor the blood pressure trends for any of the active patients.,Error,High,200,À Traiter (Actif),False,JavaCrash,Dialysis,2026-02-28 10:00:00,User_067
TIC-1268,Walk in freezer digital temperature sensor loses wireless connection entirely.,"Greetings, the thick metal door blocks the wifi signal. We cannot log the legally required daily food temperatures.",Error,High,200,À Traiter (Actif),False,StainJam,Lab,2026-03-04 11:45:00,User_062
TIC-0893,Kitchen automated dishwashing system throws a fatal water pressure error.,The machine halted entirely because it thinks the water supply is cut off. The physical pipes are fine.,Error,High,200,À Traiter (Actif),False,WaterErr,Kitchen,2026-02-28 14:00:00,User_015
TIC-1575,Radiation linear accelerator cooling system displays hardware fault.,Hello IT. The internal chiller is physically broken. The incredibly expensive machinery cannot operate safely without immediate vendor biomedical engineering support.,Error,Low,200,À Traiter (Actif),False,EVError,Car park,2026-03-07 02:30:00,User_093
TIC-1133,Microbiology incubator temperature monitoring application records data in fahrenheit.,"Dear IT, the hospital standard is strictly celsius. This software configuration error confuses the lab technicians reading the charts.",Error,High,200,À Traiter (Actif),False,ChemDispense,Kitchen,2026-03-03 02:00:00,User_067
TIC-0966,Warehouse forklift charging station digital controller displays fatal error.,We cannot recharge the heavy lifting equipment. The logistics team will be completely paralyzed in about four hours.,Error,High,200,À Traiter (Actif),False,ChargeFail,Stock,2026-03-01 08:15:00,User_031
TIC-1177,Lobby volunteers denied access to the wheelchair tracking database.,"Hi team, they cannot digitally sign out the transport chairs because their generic accounts lack the necessary write permissions.",Error,High,200,À Traiter (Actif),False,JavaCrash,Dialysis,2026-03-03 13:00:00,User_067
TIC-1532,Intake identity document scanner rollers are severely jammed.,Good morning. The device ate a patient's insurance card and will not release it. We need hardware support to dismantle it.,Error,Low,200,À Traiter (Actif),False,TaxiKiosk,Reception,2026-03-06 15:45:00,User_034
TIC-1539,Logistics forklift touchscreen is completely destroyed by impact.,Greetings. A heavy box fell and shattered the interface. The driver cannot digitally log the movement of incoming sterile medical supplies.,Error,High,200,À Traiter (Actif),False,CoolPlate,Pathology,2026-03-06 17:30:00,User_099
TIC-1546,Trauma bay digital clock software freezes completely solid.,"Dear team, the seconds stopped ticking. We cannot accurately record the timing of administered emergency medications during a cardiac arrest scenario.",Error,High,200,À Traiter (Actif),False,FeedWarm,ICU,2026-03-06 19:15:00,User_062
TIC-1550,Diagnostic x-ray viewing application inverts the image colors.,"Hello team. The rendering software flipped the contrast, turning white bones black. This visual corruption makes rapid trauma diagnostics incredibly difficult.",Error,Critical,200,À Traiter (Actif),False,SpillLock,Oncology,2026-03-06 20:15:00,User_071
TIC-1597,Front desk visitor badge printer displays a blue screen.,Good morning. The peripheral driver crashed the entire reception computer. We cannot print the mandatory security identification stickers for arriving guests.,Error,High,200,À Traiter (Actif),False,ChairMass,Dialysis,2026-03-07 08:00:00,User_093
TIC-1604,Digital microscope camera lens motor displays a hexadecimal fault.,"Greetings. The autofocus mechanism jammed, throwing an unrecoverable software error. We cannot capture the necessary images to diagnose the cancer biopsies.",Error,Critical,200,À Traiter (Actif),False,RegTerminal,ER,2026-03-07 09:45:00,User_023
TIC-0956,Main lobby visitor registration webcam completely fails to initialize.,We cannot capture security photos for guest badges. The USB driver keeps throwing a fatal operating system error.,Error,Medium,200,À Traiter (Actif),False,LobbyCam,Reception,2026-03-01 05:45:00,User_082
TIC-1557,Hospital directory search function returns completely blank pages.,"Good morning. Typing a physician's name yields zero results. The internal database indexing is entirely corrupted, leaving arriving families totally lost.",Error,High,200,À Traiter (Actif),False,FistulaScan,Dialysis,2026-03-06 22:00:00,User_049
TIC-1560,Automated exit barrier lifting motor is physically burned.,Hello team. The machinery smells like smoke and the gate will not rise. Visitors are trapped inside the garage structure currently.,Error,Critical,200,À Traiter (Actif),False,VaxFridge,Outpatient Clinic,2026-03-06 22:45:00,User_008
TIC-1240,Intake digital form completely erases patient middle names entirely.,"Dear IT, the database refuses to save the middle initial fields. It ruins the official wristband printing process.",Error,High,200,À Traiter (Actif),False,BillCrash,Outpatient Clinic,2026-03-04 04:45:00,User_027
TIC-1247,Stroke assessment mobile app freezes during the motor function test.,"Hi IT, the application locks up when we score patient arm weakness. This delays rapid emergency treatments completely.",Error,Low,200,À Traiter (Actif),False,QueueHex,Admissions,2026-03-04 06:30:00,User_023
TIC-1254,Chemotherapy compounding hood digital airflow sensor drops all network connections.,"Good morning, we cannot remotely verify if the exhaust is pulling toxic fumes away safely. Fix the switch.",Error,High,200,À Traiter (Actif),False,ShipCrash,Stock,2026-03-04 08:15:00,User_034
TIC-0624,Radiology reporting software crashes during voice dictation saving.,The application hard closes when the doctor attempts to save a lengthy voice-transcribed scan report.,Error,High,200,À Traiter (Actif),False,RadSpeak,Radiology,2026-02-25 18:45:00,User_062
TIC-1282,Aquatic therapy pool digital chemical monitor touchscreen is completely dead.,"Hi IT, the humid environment destroyed the electronics. We cannot safely test the chlorine levels before patient sessions.",Error,High,200,À Traiter (Actif),False,MemLeak,Cardiology,2026-03-04 15:15:00,User_008
TIC-0859,Pathology department digital microscope lens controller displays a fatal error.,"The motorized focus completely jammed, and the software threw a hexadecimal exception code. The equipment requires vendor maintenance.",Error,Medium,200,À Traiter (Actif),False,FocusErr,Pathology,2026-02-28 05:30:00,User_076
TIC-1641,Laboratory information system interface engine parses XML data incorrectly.,"Hello IT, the software bridge scrambles the incoming blood results. The digital values are being mapped to wrong patients.",Error,Critical,200,À Traiter (Actif),False,LabXML,Lab,2026-03-10 20:45:00,User_019
TIC-1100,Electronic prescription gateway returns an external pharmacy routing exception.,Doctors cannot send medication orders to local pharmacies because the national database integration is completely broken right now.,Error,High,200,À Traiter (Actif),False,RxRoute,Outpatient Clinic,2026-03-02 17:45:00,User_082
TIC-1105,Cardiology department echocardiogram server hard drive array completely failed today.,We have lost access to all ultrasound videos recorded this week. The redundant storage array is completely offline.,Error,High,200,À Traiter (Actif),False,ViewPro,Radiology,2026-03-02 19:00:00,User_004
TIC-0982,Central water purification system throws a fatal conductivity error.,The digital sensor is broken. We cannot safely filter patient blood without confirming the exact water mixture purity.,Error,Critical,200,À Traiter (Actif),False,WaterCond,Dialysis,2026-03-01 12:15:00,User_008
TIC-0976,Electronic traction table applies maximum force ignoring software limits.,"The mechanical motor controller is broken, causing severe pain to a patient undergoing spinal decompression therapy this morning.",Error,Critical,200,À Traiter (Actif),False,TractLimit,Physiotherapy,2026-03-01 10:45:00,User_034
TIC-1142,Dialysis technicians denied access to the water purity logs.,"Hi team, the software update stripped their read permissions. They must review these records before initiating any blood filtration.",Error,Critical,200,À Traiter (Actif),False,RAIDFail,Cardiology,2026-03-03 04:15:00,User_014
TIC-1581,Spinal traction table software throws a fatal crash.,"Dear IT, the computer locked up during a therapy session. The mechanical tension was released safely, but the equipment is unusable.",Error,High,200,À Traiter (Actif),False,SplintHeat,ER,2026-03-07 04:00:00,User_076
TIC-1586,Portable trauma ultrasound cart battery refuses to charge.,Dear team. The power supply on the rolling diagnostic machine is completely dead. We cannot use it in the emergency bays.,Error,Critical,200,À Traiter (Actif),False,ArtLine,ICU,2026-03-07 05:15:00,User_014
TIC-0519,Secure drug disposal logging application crashes when recording highly restricted substances.,The application closes unexpectedly right before we can finalize the destruction of expired narcotics. This prevents us from maintaining legally required accurate audit trails for regulators.,Error,High,200,À Traiter (Actif),False,DisposeLog,Pharmacy,2026-02-24 16:30:00,User_051
TIC-0521,Magnetic resonance imaging contrast injector pump loses communication with the console.,"The scanner cannot automatically trigger the dye injection at the correct anatomical moment. We have to manually push the contrast, which drastically reduces the image quality.",Error,High,200,À Traiter (Actif),False,InjectSync,Radiology,2026-02-24 17:00:00,User_088
TIC-1425,Narcotic dispensing safe interface throws a catastrophic database error.,"Good morning, the main console crashed to a memory dump. We cannot retrieve pain medications for the hospital.",Error,Medium,200,À Traiter (Actif),False,XrayFault,Radiology,2026-03-05 03:45:00,User_018
TIC-1427,Magnetic resonance scanner cooling software ignores maximum heat limits.,"Hi team, the application failed to trigger the chiller. We risk destroying the incredibly expensive superconducting magnet entirely.",Error,Low,200,À Traiter (Actif),False,FlowDupe,ICU,2026-03-05 04:15:00,User_046
TIC-1261,Main lobby visitor registration computers cannot reach domain controllers.,"Hello team, the local network switch is dropping active directory packets. We cannot log into the intake software.",Error,High,200,À Traiter (Actif),False,VitalCrash,ER,2026-03-04 10:00:00,User_099
TIC-1386,Emergency room fiberglass splinting cart heating element throws exception.,"Good morning, the digital controller crashed. We cannot heat the water necessary to activate the rigid cast materials.",Error,Critical,200,À Traiter (Actif),False,PumpFreeze,Maternity,2026-03-05 17:15:00,User_014
TIC-1394,Neurology transcranial magnetic stimulator software bypasses the power limits.,"Dear IT, the safety guardrails failed. The machine attempted to deliver an unsafe magnetic pulse. Investigate this immediately.",Error,High,200,À Traiter (Actif),False,FumeCrash,Pathology,2026-03-05 19:15:00,User_071
TIC-0682,Pharmacy automated picking arm drops heavy glass bottles frequently.,"The grip pressure calibration is too weak, causing expensive syrup medications to shatter on the floor.",Error,High,200,À Traiter (Actif),False,GripCal,Pharmacy,2026-02-26 09:15:00,User_008
TIC-0686,Laboratory immunology analyzer fails to initialize optical sensors.,The machine cannot run the morning samples because the startup diagnostic sequence throws a hardware failure.,Error,High,200,À Traiter (Actif),False,OpticFail,Lab,2026-02-26 10:15:00,User_014
TIC-1397,Reception digital signage display software loops the startup video.,"Greetings, the lobby television is stuck playing the hospital logo introduction constantly. Reinstall the digital signage player application.",Error,Low,200,À Traiter (Actif),False,QueueDeath,Outpatient Clinic,2026-03-05 20:00:00,User_093
TIC-0469,Forklift charging station digital controller is displaying a massive fatal error code.,We cannot charge the electric pallet jacks. The entire warehouse logistics operation will halt in about three hours when the batteries die. Send an electrician and IT.,Error,High,200,À Traiter (Actif),False,ChargeOS,Stock,2026-02-24 04:00:00,User_023
TIC-0470,Supply chain database server is severely lagging and timing out every query.,It takes five minutes to look up the location of a single box of syringes. The server processor is pinned at maximum usage. Investigate the performance bottleneck.,Error,Medium,200,À Traiter (Actif),False,SupplyDB,Stock,2026-02-24 04:15:00,User_042
TIC-0477,Therapy exercise video database throws a massive error code when searching for knees.,We cannot pull up the rehabilitation protocols for post-surgical joint replacements. The database index seems totally corrupted. Please rebuild the search indexing on the main server.,Error,Medium,200,À Traiter (Actif),False,RehabVid,Physiotherapy,2026-02-24 06:00:00,User_067
TIC-1110,Magnetic resonance scanner cooling system throws a thermal exception.,"Hi there, the internal thermostat detected a massive heat spike. The hardware halted automatically to prevent severe magnet damage.",Error,High,200,À Traiter (Actif),False,RadConsole,Oncology,2026-03-02 20:15:00,User_034
TIC-1124,Digital slide viewing software runs out of video memory.,"Hi there, the application crashes when zooming into high resolution tissue scans. We need upgraded graphics cards for diagnostics.",Error,High,200,À Traiter (Actif),False,FridgeDB,Pharmacy,2026-03-02 23:45:00,User_062
TIC-0511,Anesthesia gas mixture monitoring interface displays a completely blank white screen.,"The anesthesiologist cannot verify the ratio of oxygen to nitrous oxide being delivered. The physical dials work, but the digital safety backup is totally useless right now.",Error,Critical,200,À Traiter (Actif),False,GasMixer,Surgery,2026-02-24 14:30:00,User_067
TIC-0515,Endoscopic camera recording software corrupts the final video file upon saving.,Hours of internal surgical footage are completely unreadable when exported to the network drive. We are losing all visual documentation of our complex abdominal procedures today.,Error,High,200,À Traiter (Actif),False,EndoRecord,Surgery,2026-02-24 15:30:00,User_076
TIC-1404,Pathology autopsy saw vacuum extraction software completely freezes solid.,"Greetings, the ventilation controller crashed. We cannot safely contain the hazardous bone dust during the medical examiner procedures.",Error,High,200,À Traiter (Actif),False,ECGCore,ER,2026-03-04 21:20:00,User_056
TIC-1411,Echocardiogram transesophageal probe software throws a fatal imaging fault.,"Hello, the specialized cardiac camera crashed during the throat insertion. The machine requires an immediate software logic reset.",Error,Critical,200,À Traiter (Actif),False,AnesthSys,Surgery,2026-03-04 23:25:00,User_005
TIC-0666,Lab mass spectrometer displays hexadecimal error and freezes.,The chemical analysis is halted because the internal computer experienced a fatal software exception error.,Error,High,200,À Traiter (Actif),False,SpecError,Lab,2026-02-26 05:15:00,User_031
TIC-0850,Oncology vital sign monitor displays an unrecoverable fatal boot error.,The device flashes a red screen on startup and refuses to load the operating system. Swap the hardware.,Error,High,200,À Traiter (Actif),False,BootFail,Oncology,2026-02-28 03:15:00,User_071
TIC-0824,Pharmacy refrigerator temperature log database corrupted during nightly backup.,We lost a week of regulatory compliance data detailing the storage conditions for our delicate vaccine supply.,Error,High,200,À Traiter (Actif),False,FridgeDB,Pharmacy,2026-02-27 20:45:00,User_062
TIC-1371,Intensive care continuous dialysis filter monitor shows false clogs.,"Hi team, the pressure sensor triggers alarms constantly. The physical filter is pristine but the software halts treatment.",Error,High,200,À Traiter (Actif),False,BladeJam,Car park,2026-03-05 13:30:00,User_015
TIC-0695,Dialysis fluid warmer throws an over-temperature hardware error.,The machine halted because the internal heating element exceeded safe temperatures. Requires immediate biomedical repair.,Error,Critical,200,À Traiter (Actif),False,TempError,Dialysis,2026-02-26 12:30:00,User_055
TIC-1721,Pharmacy inventory database API returns a fatal syntax error.,"Hello IT, the digital interface cannot communicate with our vendor. We cannot submit the automated electronic medication purchase orders.",Error,High,200,À Traiter (Actif),False,PharmAPI,Pharmacy,2026-03-10 15:45:00,User_008
TIC-1732,Central telemetry web portal throws a persistent java exception.,"Greetings, the application server crashed completely. Nurses cannot digitally monitor the patient heart rhythms from the main desk computers.",Error,High,200,À Traiter (Actif),False,TeleWeb,ICU,2026-03-10 18:30:00,User_015
TIC-1060,Main hospital directory touchscreen throws a fatal memory dump.,"The public kiosk crashed to a blue screen, confusing families trying to locate patient rooms. Reboot the machine.",Error,Low,200,À Traiter (Actif),False,DirCrash,Reception,2026-03-02 07:45:00,User_008
TIC-0489,Maternity ward visitor registration kiosk is printing blank sticky badges for everyone.,We cannot identify who is allowed on the secure ward because the thermal printer is outputting completely blank white squares. Change the ink or replace the unit.,Error,Medium,200,À Traiter (Actif),False,BadgePrint,Maternity,2026-02-24 09:00:00,User_004
TIC-0492,Chemical fume hood ventilation monitor is emitting a constant loud warning siren.,"The airflow is actually fine, but the digital sensor is broken and screaming at us. We cannot concentrate on delicate tissue preparations. Please mute or replace it.",Error,Low,200,À Traiter (Actif),False,FumeAlert,Pathology,2026-02-24 09:45:00,User_042
TIC-0497,Telemedicine video conferencing platform has no audio output for the attending physicians.,"The doctors can see the patients, but cannot hear a single word they are saying. The sound card drivers on the clinic computers seem to be corrupted.",Error,High,200,À Traiter (Actif),False,TeleDoc,Outpatient Clinic,2026-02-24 11:00:00,User_093
TIC-1657,Infant security tag monitoring web portal throws database exception.,"Greetings, the digital dashboard crashed completely. The nursing station cannot monitor the electronic locations of the newborns currently today.",Error,High,200,À Traiter (Actif),False,BabyDash,Pediatrics,2026-03-11 00:45:00,User_012
TIC-1359,Warehouse automated pallet wrapper software spins entirely too fast.,"Dear IT, the rotational speed controller is bugged. It throws the heavy medical supply boxes across the room.",Error,High,200,À Traiter (Actif),False,BadgeFault,Reception,2026-03-05 10:30:00,User_076
TIC-1364,Pathology microtome blade usage counter resets to zero automatically.,"Hi team, the software drops the cut tally. We risk using dull blades which destroy the fragile biopsies.",Error,High,200,À Traiter (Actif),False,DishWater,Kitchen,2026-03-05 11:45:00,User_014
TIC-0482,Centralized water purification system software indicates a massive drop in water pressure.,"If the pressure actually drops, all ten dialysis machines will fail simultaneously. The physical gauges look fine, so the digital sensor must be malfunctioning. Please verify quickly.",Error,High,200,À Traiter (Actif),False,PureWater,Dialysis,2026-02-24 07:15:00,User_008
TIC-0998,Waiting room digital queue display screen shows blue error.,The large television crashed and is displaying a Windows memory dump code. Please remotely reboot the signage computer.,Error,Low,200,À Traiter (Actif),False,QueueBlue,Outpatient Clinic,2026-03-01 16:15:00,User_034
TIC-1005,Treadmill stress test controller throws a fatal communication exception.,The serial connection to the motor died mid-test. The hardware requires an immediate reset to resume clinical evaluations.,Error,High,200,À Traiter (Actif),False,StressOS,Cardiology,2026-03-01 18:00:00,User_004
TIC-1707,Fast track clinical charting software throws a database exception.,"Greetings, the application throws a java runtime error. We cannot save the digital patient encounter notes into the system.",Error,High,200,À Traiter (Actif),False,FastChart,ER,2026-03-10 12:15:00,User_015
TIC-0460,The front desk laser printer is jamming on every single piece of paper.,We cannot print out parking validations or clinic maps for lost visitors. The fuser unit seems to be completely destroyed. We need a replacement printer brought up.,Error,Medium,200,À Traiter (Actif),False,LaserPrint,Reception,2026-02-24 01:45:00,User_008
TIC-1380,Car park electric vehicle charging station displays hexadecimal errors.,"Dear IT, the payment touchscreen crashed to a memory dump. Visitors cannot charge their vehicles while visiting patients.",Error,Critical,200,À Traiter (Actif),False,TractPress,Physiotherapy,2026-03-05 15:45:00,User_019
TIC-1296,Digital microscope motorized focus lens is physically jammed completely tight.,"Hello team, the hardware cannot move. The pathologist is unable to zoom in to diagnose the cancer biopsy.",Error,High,200,À Traiter (Actif),False,ChemErr,Physiotherapy,2026-03-04 18:45:00,User_012
TIC-1787,Central nursing dashboard web application throws an SQL exception.,"Greetings, the backend database crashed. We cannot digitally monitor the live blood pressure trends for the entire treatment floor.",Error,High,200,À Traiter (Actif),False,DialySQL,Dialysis,2026-03-11 08:15:00,User_008
TIC-0433,Admissions payment processing software throws a fatal exception when swiping debit cards.,The application hard crashes every single time we try to collect a required co-pay. We are writing paper receipts and delaying the financial reconciliation process significantly.,Error,High,200,À Traiter (Actif),False,PayCollect,Admissions,2026-02-23 19:00:00,User_067
TIC-1343,Maternity nitrous oxide scavenging system digital monitor loses power.,"Hi team, the display went black. We cannot verify if the exhaust is removing the laughing gas safely.",Error,High,200,À Traiter (Actif),False,DictateDeny,Neurology,2026-03-05 06:30:00,User_088
TIC-0444,Electromyography machine is delivering painfully strong shocks due to a software glitch.,The calibration module ignored the inputted settings and delivered a maximum intensity electrical shock. The patient was terrified. Confiscate this device and run a full diagnostic.,Error,Critical,200,À Traiter (Actif),False,EMGControl,Neurology,2026-02-23 21:45:00,User_031
TIC-0449,Bone marrow transplant sterile room pressure monitor shows a dangerous negative value.,The room is supposed to maintain positive pressure to keep airborne infections out. The digital sensor says it is sucking air in. Verify if the sensor broke.,Error,Critical,200,À Traiter (Actif),False,PressMon,Oncology,2026-02-23 23:00:00,User_015
TIC-0409,Holter monitor database is mixing up patient heart rhythm files randomly.,"A healthy athlete's profile just displayed the severe arrhythmias of an eighty-year-old man. If we base treatments on this corrupted database mapping, someone could die.",Error,Critical,200,À Traiter (Actif),False,HolterDB,Cardiology,2026-02-23 13:00:00,User_093
TIC-0403,Poison control database API is throwing a massive timeout exception today.,"A toddler swallowed unknown pills, and our primary toxicology lookup tool is completely dead. We are frantically calling the national hotline instead. Restore this server!",Error,Critical,200,À Traiter (Actif),False,ToxCheck,ER,2026-02-23 11:30:00,User_088
TIC-1803,Electronic prescription gateway integration returns a fatal server timeout.,"Hi team, the digital connection to external pharmacies failed. We cannot electronically transmit any patient medication orders currently today.",Error,Critical,200,À Traiter (Actif),False,eRxTime,Outpatient Clinic,2026-03-11 12:15:00,User_034
TIC-0415,Laparoscopic video tower monitor is displaying a heavily distorted green tint.,The surgeon cannot distinguish between different organ tissue types because the color balance is entirely ruined. We cannot proceed with the gallbladder removal until replaced.,Error,Medium,200,À Traiter (Actif),False,EndoVis,Surgery,2026-02-23 14:30:00,User_076
TIC-1033,Insurance verification gateway returns a completely unreadable server exception.,"The application cannot parse the incoming eligibility data, preventing us from confirming patient financial coverage before their procedures.",Error,High,200,À Traiter (Actif),False,InsureAPI,Admissions,2026-03-02 01:00:00,User_067
TIC-0418,Pharmacy label printing queue is frozen with five hundred pending jobs.,We cannot physically label any outgoing medications for the hospital wards. The print spooler on the server is completely locked up and ignoring all restart commands.,Software,High,150,À Traiter (Actif),False,LabelPrint,Pharmacy,2026-02-23 15:15:00,User_027
TIC-1042,Stroke protocol alerting application sends notifications to wrong doctors.,"The routing logic is broken, paging orthopedic surgeons instead of neurologists during brain emergencies. Fix the code immediately.",Software,Critical,150,À Traiter (Actif),False,StrokePage,Neurology,2026-03-02 03:15:00,User_014
TIC-1589,Pneumatic tube delivery system loses central network routing.,Greetings. The capsules are not moving because the central command server cannot communicate with the physical vacuum stations across the hospital.,Software,Critical,150,À Traiter (Actif),False,MagPulse,Neurology,2026-03-07 06:00:00,User_004
TIC-1592,Insurance eligibility API returns totally blank XML responses.,"Good morning. The software integration with the national health database is broken, leaving us unable to verify financial coverage for admissions.",Software,Low,150,À Traiter (Actif),False,SignLoop,Reception,2026-03-07 06:45:00,User_042
TIC-1611,Electrocardiogram analysis application interface renders fonts entirely unreadable today.,"Hello IT, a cascading style sheet update broke the digital layout. Doctors cannot read the diagnostic measurements on screen.",Software,Medium,150,À Traiter (Actif),False,ECGRender,Cardiology,2026-03-10 13:15:00,User_071
TIC-1567,Echocardiogram video storage array reports zero available space.,Good morning. The hard drives are totally full because the automated archiving script failed to clear old files. Scans are halted.,Software,Low,150,À Traiter (Actif),False,PhotoInv,Admissions,2026-03-07 00:30:00,User_004
TIC-1131,Intensive care feeding pump throws a continuous pressure error.,"Hi there, the machine stops delivering nutrition to the patient. The internal sensor falsely detects a severe tube blockage.",Software,Critical,150,À Traiter (Actif),False,ScanLogic,Pediatrics,2026-03-03 01:30:00,User_093
TIC-1140,Parking garage ticket dispenser prints dates from last year.,"Dear IT, the internal clock battery failed. Visitors are being charged massive fees because the system calculates extreme durations.",Software,High,150,À Traiter (Actif),False,TextSMS,Outpatient Clinic,2026-03-03 03:45:00,User_027
TIC-1584,Voice dictation workstation drops connection to central server.,Greetings. The pathologist cannot upload the lengthy autopsy transcription audio files because the local ethernet port is malfunctioning and dropping packets.,Software,Critical,150,À Traiter (Actif),False,AntiMix,Pharmacy,2026-03-07 04:45:00,User_027
TIC-1747,Electroencephalogram data viewing software freezes during long video playback.,"Greetings, the application completely locks up. Doctors cannot synchronize the digital brainwaves with the clinical video of the seizures.",Software,Medium,150,À Traiter (Actif),False,EEGView,Neurology,2026-03-10 22:15:00,User_014
TIC-0438,Laboratory information system is sending results to the wrong ordering physicians.,"A cardiologist just received a pediatric throat swab result, and the pediatrician got a lipid panel. The routing logic is completely scrambled. Fix the database mapping.",Software,High,150,À Traiter (Actif),False,LabSys,Lab,2026-02-23 20:15:00,User_008
TIC-0802,Cardiology treadmill software ignores the physical emergency stop button.,The running belt continues moving even after we press halt. This mechanical disconnect puts patients at risk.,Software,Critical,150,À Traiter (Actif),False,TreadOS,Cardiology,2026-02-27 15:15:00,User_045
TIC-0827,Admissions self service kiosk software freezes on the language screen.,Patients cannot check themselves in because the touch interface locks up immediately after selecting their preferred language.,Software,Low,150,À Traiter (Actif),False,KioskOS,Admissions,2026-02-27 21:30:00,User_015
TIC-0831,Pediatric ward medication scanner reads barcode data completely backwards.,A scan for an asthma inhaler registers as a totally different drug. This reversing logic is highly dangerous.,Software,Critical,150,À Traiter (Actif),False,ScanLogic,Pediatrics,2026-02-27 22:30:00,User_093
TIC-1332,Admissions VIP patient lounge electronic doors deny the directors.,"Hello, the access control system revoked the executive board permissions. They cannot enter the private registration waiting area.",Software,High,150,À Traiter (Actif),False,BedLogic,Admissions,2026-03-05 03:45:00,User_034
TIC-1340,Car park disabled space occupancy sensors flash entirely red.,"Hi there, the software falsely reports all handicapped spaces as occupied. Disabled patients are struggling to find parking.",Software,Critical,150,À Traiter (Actif),False,HemaRound,Lab,2026-03-05 05:45:00,User_027
TIC-1148,Anesthesia medication calculator recommends completely impossible fluid drip rates.,"Hello IT, the decimal point is shifting incorrectly. The automated software is suggesting lethal doses for the surgical patients.",Software,Medium,150,À Traiter (Actif),False,EthJack,Lab,2026-03-03 05:45:00,User_042
TIC-1154,Stroke assessment mobile application completely freezes on launch screen.,"Dear IT, the application hangs indefinitely. The rapid response team cannot use their tablets to score patient stroke symptoms.",Software,Critical,150,À Traiter (Actif),False,POAuth,Stock,2026-03-03 07:15:00,User_034
TIC-0948,Oncology pharmacy software calculates incorrect body surface area metrics.,"The math logic is broken, which could lead to prescribing lethal doses of highly toxic cancer fighting medications.",Software,Critical,150,À Traiter (Actif),False,OncoMath,Oncology,2026-03-01 03:45:00,User_042
TIC-0952,Neonatal incubator temperature control software randomly switches to fahrenheit.,The sudden unit change causes immense confusion for the nursing staff monitoring the delicate premature infants closely today.,Software,Medium,150,À Traiter (Actif),False,IncubatorOS,Pediatrics,2026-03-01 04:45:00,User_012
TIC-0545,Stroke protocol rapid imaging viewer is missing the crucial perfusion maps.,"The software successfully loads the basic scans, but the advanced color maps showing brain tissue viability are simply absent. We cannot make decisions about clot-busting drugs without this.",Software,Critical,150,À Traiter (Actif),False,StrokeView,Neurology,2026-02-24 23:00:00,User_004
TIC-0547,Chemotherapy dosage calculation database is pulling incorrect patient body surface areas.,The electronic health record is sending height and weight data in the wrong units to the oncology pharmacy module. This could easily result in a lethal chemotherapy overdose.,Software,Critical,150,À Traiter (Actif),False,ChemoCalc,Oncology,2026-02-24 23:30:00,User_023
TIC-1113,Automated blood sample sorter places tubes in wrong racks.,"Hello IT, the robotic arm is misaligned. It is dropping hematology tubes into the chemistry racks, ruining our workflow.",Software,High,150,À Traiter (Actif),False,FoodOrder,Kitchen,2026-03-02 21:00:00,User_049
TIC-0840,Outpatient clinic appointment reminder system texts the wrong phone numbers.,Confidential medical clinic visit details are being sent to completely random citizens. Stop the automated SMS gateway service.,Software,High,150,À Traiter (Actif),False,TextSMS,Outpatient Clinic,2026-02-28 00:45:00,User_027
TIC-0846,ICU patient feeding tube pump software reverses fluid delivery directions.,The machine is attempting to pull fluid out instead of pushing nutrition in. The software logic is backward.,Software,Critical,150,À Traiter (Actif),False,FeedLogic,ICU,2026-02-28 02:15:00,User_062
TIC-1373,Laboratory digital microscope camera software corrupts the exported files.,"Dear IT, saving the high resolution blood smears results in unreadable digital artifacts. Reinstall the image rendering module.",Software,Medium,150,À Traiter (Actif),False,ParkClock,Car park,2026-03-05 14:00:00,User_055
TIC-1069,Automated reordering script purchases ten times the requested bandages.,"The mathematical multiplier is flawed, causing us to spend our entire quarterly budget on unnecessary basic wound supplies.",Software,Critical,150,À Traiter (Actif),False,AutoBuy,Stock,2026-03-02 10:00:00,User_023
TIC-1071,Automated exit barrier software calculates parking durations completely wrong.,The system charges every visitor the maximum daily rate regardless of their actual stay time. We need patching.,Software,High,150,À Traiter (Actif),False,ParkMath,Car park,2026-03-02 10:30:00,User_015
TIC-1014,Robotic surgical console completely misinterprets the surgeon hand movements.,"The translation algorithm is flawed, moving the instruments erratically. We aborted the robotic procedure to protect the patient.",Software,Critical,150,À Traiter (Actif),False,RoboSurge,Surgery,2026-03-01 20:15:00,User_019
TIC-1127,Echocardiogram contrast pump software calculates incorrect fluid injection rates.,"Hello IT, the math logic is completely backward. It pushes too much dye, severely distorting the diagnostic ultrasound images.",Software,Low,150,À Traiter (Actif),False,KioskOS,Admissions,2026-03-03 00:30:00,User_015
TIC-1540,Parking fee algorithm applies maximum daily rate instantly.,Hello team. Visitors who stay for ten minutes are being charged for twenty four hours. The billing logic is entirely corrupted.,Software,Medium,150,À Traiter (Actif),False,EyeChart,Outpatient Clinic,2026-03-06 17:45:00,User_027
TIC-1545,Telehealth video conference audio stream drops completely randomly.,Hello IT. The doctor can see the patient but the sound cuts out after a few minutes. Check the external firewall.,Software,High,150,À Traiter (Actif),False,MRIMusic,Radiology,2026-03-06 19:00:00,User_004
TIC-1552,Admissions payment gateway software throws a fatal exception.,Good morning. The application crashes completely when we attempt to swipe a debit card. We cannot process financial copays for patients.,Software,Low,150,À Traiter (Actif),False,BrollyDB,Reception,2026-03-06 20:45:00,User_012
TIC-1554,Cognitive assessment application locks up on memory tests.,Greetings. The tablet software freezes completely when the patient attempts to input their answers. We lose all diagnostic scoring data consistently.,Software,Critical,150,À Traiter (Actif),False,WrapSpin,Stock,2026-03-06 21:15:00,User_034
TIC-0532,Admission demographic intake form deletes the emergency contact information upon saving.,"Every time we type in the next of kin, the fields vanish as soon as we click submit. We have no way to contact families during emergencies.",Software,High,150,À Traiter (Actif),False,IntakeForm,Admissions,2026-02-24 19:45:00,User_034
TIC-0538,Coagulation analyzer interface software completely drops the decimal point in results.,A normal clotting time of 1.2 is being reported to the doctors as 12. This massive scaling error could lead to disastrous misdosing of blood thinner medications.,Software,Critical,150,À Traiter (Actif),False,CoagTest,Lab,2026-02-24 21:15:00,User_008
TIC-0543,Neurological cognitive assessment tablet application is frozen on the first question.,"The memory recall test is completely unusable. The touchscreen registers input, but the software refuses to advance to the next screen. Please reset the application cache remotely.",Software,Low,150,À Traiter (Actif),False,CogTest,Neurology,2026-02-24 22:30:00,User_088
TIC-0560,Visitor management database refuses to log out guests who have left.,The system thinks we currently have five thousand visitors inside the building. This massive software glitch completely ruins our ability to account for people during a fire evacuation scenario.,Software,High,150,À Traiter (Actif),False,VisitLogOut,Reception,2026-02-25 02:45:00,User_008
TIC-0466,Automated inventory forecasting software is predicting negative demand for basic surgical gloves.,"The algorithm is broken and recommending we throw away vital supplies. If automatic purchasing follows this trend, we will run out entirely. Correct the machine learning model.",Software,High,150,À Traiter (Actif),False,StockPredict,Stock,2026-02-24 03:15:00,User_031
TIC-1716,Surgical scheduling web portal displays a completely blank interface.,"Hello team, the frontend framework failed to load. The coordinators cannot view the digital operative calendar on their browsers.",Software,High,150,À Traiter (Actif),False,SurgiWeb,Surgery,2026-03-10 14:30:00,User_067
TIC-1722,Drug interaction software completely ignores severe allergy warning flags.,"Greetings, the algorithmic safety net is broken. The application permits prescribing lethal combinations without triggering the mandatory digital alerts.",Software,Critical,150,À Traiter (Actif),False,DrugAlert,Pharmacy,2026-03-10 16:00:00,User_099
TIC-0696,Maternity ward epidural pump screen displays a fatal exception.,"The software crashed, leaving the digital screen completely white with a single line of error code.",Software,High,150,À Traiter (Actif),False,PumpCrash,Maternity,2026-02-26 12:45:00,User_012
TIC-1284,New physiotherapist denied access to the internal digital patient calendar.,"Good morning, her account lacks the database roles required to schedule upcoming aquatic treatments. Please update her profile.",Software,Critical,150,À Traiter (Actif),False,QueueSort,Pharmacy,2026-03-04 15:45:00,User_027
TIC-1291,Epidural medication infusion pump displays a fatal hardware exception code.,"Hello team, the machine froze completely. We cannot deliver the required pain relief to the laboring mother currently.",Software,Critical,150,À Traiter (Actif),False,MathConv,Pediatrics,2026-03-04 17:30:00,User_023
TIC-1298,Tissue slide scanner software stitches high resolution images entirely incorrectly.,"Greetings, the rendering engine misaligns the cellular structures. This optical distortion ruins our ability to perform accurate diagnostics.",Software,Critical,150,À Traiter (Actif),False,GuardFail,Maternity,2026-03-04 19:15:00,User_034
TIC-1365,Outpatient clinic pediatric vaccine refrigerator network monitor is offline.,"Good morning, the ethernet cable is severed. We cannot remotely verify that the measles vaccines are safely chilled.",Software,Critical,150,À Traiter (Actif),False,MeatOrder,Kitchen,2026-03-05 12:00:00,User_088
TIC-1511,Bedside vital signs monitor display glass is shattered.,Hello IT. A heavy IV pole tipped over and smashed the digital screen. The equipment is hazardous and must be swapped.,Software,Critical,150,À Traiter (Actif),False,VeinFind,Pediatrics,2026-03-06 10:30:00,User_067
TIC-1515,Chemotherapy infusion application reverses the necessary fluid volumes.,Hello team. The math engine is telling nurses to withdraw fluid instead of dispensing it. This calculation bug is highly dangerous.,Software,High,150,À Traiter (Actif),False,EVCharge,Car park,2026-03-06 11:30:00,User_076
TIC-1524,Digital microscope software throws a catastrophic imaging fault.,Greetings. The application crashed heavily when trying to export a high resolution tissue photograph. The rendering engine needs an immediate patch.,Software,Critical,150,À Traiter (Actif),False,ReturnSafe,Pharmacy,2026-03-06 13:45:00,User_062
TIC-0961,Patient meal ordering application allows unlimited high sugar desserts.,"The diabetic safety constraints failed in the latest software update, putting our specialized diet patients at severe risk.",Software,Critical,150,À Traiter (Actif),False,DietApp,Kitchen,2026-03-01 07:00:00,User_099
TIC-1156,Pediatric nurses locked out of electronic medication administration records.,"Hi team, the active directory synchronization failed overnight. The nursing staff cannot digitally chart the morning infant drug dosages.",Software,Critical,150,À Traiter (Actif),False,NoteDelete,Physiotherapy,2026-03-03 07:45:00,User_082
TIC-1164,Digital biopsy slides accessible via unauthenticated public cloud link.,"Good morning, a physician shared a folder without password protection. Sensitive cancer data is exposed to the open internet.",Software,Critical,150,À Traiter (Actif),False,NegStock,Pharmacy,2026-03-03 09:45:00,User_014
TIC-1169,Automated intravenous compounder calculates wrong diluent volumes for children.,"Hello IT, the software logic is adding too much saline to the active drugs. This dilution error is dangerous.",Software,Critical,150,À Traiter (Actif),False,FolderLeak,Neurology,2026-03-03 11:00:00,User_023
TIC-1173,Microbiology automated slide stainer displays a mechanical jamming error.,"Hi there, the robotic arm crashed into the chemical bath. The entire staining process is halted pending immediate repair.",Software,Critical,150,À Traiter (Actif),False,AllergyFail,Kitchen,2026-03-03 12:00:00,User_055
TIC-1529,Automated dispensary logic calculates massive negative narcotic quantities.,Greetings. The math engine says we have dispensed thousands more pills than we own. This completely ruins our federal compliance audits.,Software,Medium,150,À Traiter (Actif),False,ApneaMask,Neurology,2026-03-06 15:00:00,User_055
TIC-0456,Main hospital switchboard software is routing emergency internal calls to the cafeteria.,"When a doctor dials the code blue line, it rings the kitchen staff. This telephony routing error is incredibly dangerous for rapid response teams. Fix the PBX.",Software,Critical,150,À Traiter (Actif),False,PBXRoute,Reception,2026-02-24 00:45:00,User_082
TIC-1389,Pharmacy intravenous antibiotic mixing software calculates incorrect saline dilution.,"Hi there, the application logic is adding entirely too much fluid. The resulting medication would be completely ineffective.",Software,High,150,À Traiter (Actif),False,DadDoor,Maternity,2026-03-05 18:00:00,User_004
TIC-0691,Kitchen meal planner allows ordering of discontinued menu items.,Patients are selecting meals on the tablets that we haven't stocked in the kitchen for months.,Software,Low,150,À Traiter (Actif),False,MenuSync,Kitchen,2026-02-26 11:30:00,User_023
TIC-1400,Car park valet key cabinet electronic keypad is unresponsive.,"Good morning, the touch interface is dead. The attendants cannot retrieve the keys to return vehicles to patients.",Software,High,150,À Traiter (Actif),False,TextWake,Outpatient Clinic,2026-03-05 20:45:00,User_082
TIC-1407,Emergency room portable tablet drops clinical wireless connection entirely.,"Good morning, the roaming computers disconnect near trauma bay four constantly. We lose access to incoming patient charts.",Software,Critical,150,À Traiter (Actif),False,HeartPredict,Cardiology,2026-03-04 22:15:00,User_047
TIC-0664,ICU central monitor alarm history is completely erased daily.,We lose the audit trail of overnight patient alarms because the software purges logs incorrectly.,Software,High,150,À Traiter (Actif),False,AlarmLog,ICU,2026-02-26 04:45:00,User_014
TIC-0553,Electronic growth chart application plots head circumference on the weight axis.,"The graphical display is entirely ruined, making it look like the toddlers are suffering from severe developmental abnormalities. The plotting axes variables in the software are completely reversed today.",Software,Medium,150,À Traiter (Actif),False,GrowPlot,Pediatrics,2026-02-25 01:00:00,User_093
TIC-1179,Warehouse inventory barcode scanner gun laser is completely dead.,"Greetings, the hardware is broken. The logistics clerks cannot digitally check in the massive morning delivery of medical syringes.",Software,Medium,150,À Traiter (Actif),False,ScanFreeze,Pathology,2026-03-03 13:30:00,User_049
TIC-1186,Emergency department mobile workstation battery fails to hold charge.,"Greetings, the computer dies the second it is unplugged from the wall. We cannot wheel it between trauma bays.",Software,Critical,150,À Traiter (Actif),False,FeedLogic,ICU,2026-03-03 15:15:00,User_014
TIC-0938,Blood bank inventory database shows zero universal donor units.,The software failed to log the massive morning delivery. The database thinks we have no emergency trauma blood.,Software,Critical,150,À Traiter (Actif),False,BloodTrack,Lab,2026-03-01 01:15:00,User_008
TIC-0942,Deep brain stimulator programming application requires unsupported legacy software.,"The vendor app requires an obsolete version of Java, posing a massive network security risk to the hospital.",Software,High,150,À Traiter (Actif),False,StimApp,Neurology,2026-03-01 02:15:00,User_014
TIC-0504,Treadmill stress test emergency stop button software is completely unresponsive today.,"If a patient collapses, the digital halt command does nothing. We are forced to rely entirely on the physical power switch, which is highly unsafe.",Software,Critical,150,À Traiter (Actif),False,TreadSafe,Cardiology,2026-02-24 12:45:00,User_023
TIC-0508,Triage symptom assessment algorithm completely bypasses severe chest pain warning flags.,A patient presenting with classic heart attack signs was assigned a low priority score. This dangerous logic flaw requires an immediate software rollback to prevent fatalities.,Software,Critical,150,À Traiter (Actif),False,TriageLogic,ER,2026-02-24 13:45:00,User_012
TIC-0514,Blood warmer infusion device triggers a false high heat safety alarm.,The machine stops pumping blood into the patient because it incorrectly thinks the fluid is boiling. We are having to use traditional gravity lines instead.,Software,High,150,À Traiter (Actif),False,BloodWarm,Surgery,2026-02-24 15:15:00,User_019
TIC-1270,Automated grocery ordering script purchases expired meat products constantly.,"Dear IT, the vendor API integration is selecting the wrong database column. Cancel the massive incoming delivery immediately.",Software,Critical,150,À Traiter (Actif),False,ChemoCal,Oncology,2026-03-04 12:15:00,User_042
TIC-1275,Automated restocking logic multiplies syringe orders by one hundred completely.,"Dear IT, a math glitch is attempting to spend our entire yearly budget on a single warehouse delivery.",Software,Low,150,À Traiter (Actif),False,SignMath,Car park,2026-03-04 13:30:00,User_093
TIC-0856,Physiotherapy assessment software deletes patient history upon saving new notes.,Typing a new progress update completely overwrites and destroys the previous months of clinical documentation. Stop database overwriting.,Software,Critical,150,À Traiter (Actif),False,NoteDelete,Physiotherapy,2026-02-28 04:45:00,User_082
TIC-0864,Pharmacy inventory database allows negative quantities for highly restricted narcotics.,"The software logic permits dispensing more fentanyl than physically exists on the shelf, completely ruining our regulatory audits.",Software,Critical,150,À Traiter (Actif),False,NegStock,Pharmacy,2026-02-28 06:45:00,User_014
TIC-1417,Laparoscopic carbon dioxide insufflator digital monitor is totally black.,"Greetings, the abdominal gas pressure screen died. The surgeon cannot safely proceed without seeing these vital pressure metrics.",Software,Critical,150,À Traiter (Actif),False,MixMath,Pharmacy,2026-03-05 01:20:00,User_041
TIC-1697,Pathology voice dictation application deletes numerical data upon saving.,"Greetings, the transcription software removes all digital tumor measurements automatically. This glitch ruins the accuracy of the final reports.",Software,High,150,À Traiter (Actif),False,DictateBug,Pathology,2026-03-11 10:45:00,User_042
TIC-1626,Picture archiving communication system search index is completely corrupted.,"Hello team, querying a patient ID returns zero results. The digital database requires an immediate backend search index rebuild.",Software,High,150,À Traiter (Actif),False,PACSSearch,Radiology,2026-03-10 17:00:00,User_088
TIC-1633,Electronic medical record software locks patient charts entirely randomly.,"Hi team, the database incorrectly flags files as currently in use. We cannot digitally update the hourly vital signs.",Software,Medium,150,À Traiter (Actif),False,ChartLock,ICU,2026-03-10 18:45:00,User_071
TIC-1636,Patient admission web portal displays cascading style sheet errors.,"Hello team, the digital interface is completely unreadable. The text overlaps, making it impossible to register incoming hospital patients.",Software,Low,150,À Traiter (Actif),False,AdmitCSS,Admissions,2026-03-10 19:30:00,User_093
TIC-1642,Chemistry analyzer digital reporting application throws a memory exception.,"Greetings, the software runs out of random access memory. The application crashes before exporting the digital metabolic panel results.",Software,High,150,À Traiter (Actif),False,ChemMem,Lab,2026-03-10 21:00:00,User_076
TIC-0984,Dialysis shift scheduling software allows unauthorized staff shift swapping.,Nurses are changing the schedule without managerial approval because the application lacks proper role based access control restrictions.,Software,Medium,150,À Traiter (Actif),False,ShiftSwap,Dialysis,2026-03-01 12:45:00,User_027
TIC-0987,Epidural medication infusion pump software ignores programmed dosage limits.,"The safety guardrails failed, allowing a user to input a potentially lethal flow rate without triggering a warning.",Software,Critical,150,À Traiter (Actif),False,EpiLimit,Maternity,2026-03-01 13:30:00,User_088
TIC-0565,Food allergy screening application crashes when multiple severe allergies are selected.,"If a patient is allergic to both soy and dairy, the system force-closes entirely instead of generating a safe menu. This software bug is incredibly dangerous for complex patients.",Software,Critical,150,À Traiter (Actif),False,AllergyCrash,Kitchen,2026-02-25 04:00:00,User_088
TIC-0577,Electronic muscle stimulator device delivers a shock while the software is paused.,"The therapist hit stop on the tablet, but the hardware continued to deliver electrical current to the patient. This software and hardware disconnect is incredibly dangerous and entirely unacceptable.",Software,Critical,150,À Traiter (Actif),False,StimShock,Physiotherapy,2026-02-25 07:00:00,User_067
TIC-1255,Cancer registry export tool scrambles the patient diagnosis dates.,"Dear IT, the XML file generation mixes up the years, ruining our mandatory submissions to the national database.",Software,High,150,À Traiter (Actif),False,PayNet,Car park,2026-03-04 08:30:00,User_067
TIC-1260,Digital growth chart plots head circumference entirely backward today.,"Dear IT, the rendering engine is reversing the graphical curve. It looks like every child is shrinking rapidly.",Software,Medium,150,À Traiter (Actif),False,CamFail,Outpatient Clinic,2026-03-04 09:45:00,User_008
TIC-1263,Guest wireless network password bypass discovered by waiting visitors today.,"Greetings, people are accessing the internet without agreeing to the medical terms of service. Patch the captive portal.",Software,Critical,150,À Traiter (Actif),False,SpongeCount,Surgery,2026-03-04 10:30:00,User_051
TIC-0879,Pathology slide scanner software freezes when attempting to capture images.,"The application becomes entirely unresponsive the moment we hit the scan button, requiring a hard reboot every time.",Software,Medium,150,À Traiter (Actif),False,ScanFreeze,Pathology,2026-02-28 10:30:00,User_049
TIC-0892,Reception area public announcement system software interface is completely missing.,"The application icon vanished from the desktop, preventing the staff from broadcasting emergency codes to the front lobby.",Software,Medium,150,À Traiter (Actif),False,AppMissing,Reception,2026-02-28 13:45:00,User_042
TIC-0899,Pathology department digital dictation software fails to export text files.,"The voice recognition works, but the application throws an exception when attempting to generate the final text document.",Software,High,150,À Traiter (Actif),False,TextExport,Pathology,2026-02-28 15:30:00,User_067
TIC-1082,Shift scheduling algorithm assigns entirely unqualified staff to shifts.,"The application ignored the required certification tags, pairing novice nurses with highly unstable patients. Fix the assignment logic.",Software,High,150,À Traiter (Actif),False,ShiftBug,Dialysis,2026-03-02 13:15:00,User_008
TIC-0997,Electronic prescription gateway unable to locate external community pharmacies.,The national pharmacy database API integration is completely broken. Doctors are forced to print paper prescriptions for patients.,Software,Medium,150,À Traiter (Actif),False,eRxLocate,Outpatient Clinic,2026-03-01 16:00:00,User_093
TIC-0484,Clinic shift scheduling software deleted all the nephrologist rounds for the week.,We have no idea which doctor is covering which patient pod today. The entire database table seems to have been accidentally dropped. Restore from backup immediately please.,Software,High,150,À Traiter (Actif),False,ShiftSync,Dialysis,2026-02-24 07:45:00,User_027
TIC-0499,Automated appointment reminder calls are being made at three in the morning.,The system time zone is completely wrong. We are waking up hundreds of angry patients in the middle of the night. Stop the automated dialer right now.,Software,Medium,150,À Traiter (Actif),False,AutoDial,Outpatient Clinic,2026-02-24 11:30:00,User_067
TIC-1652,Chemotherapy scheduling calendar application deletes recurring digital patient appointments.,"Greetings, the database purges the future sessions entirely. We are losing the complex digital treatment timelines for our patients.",Software,High,150,À Traiter (Actif),False,ChemoAppt,Oncology,2026-03-10 23:30:00,User_023
TIC-0925,Mammography reporting software deletes all dictated text upon saving.,The application wipes the entire clinical narrative when the doctor clicks finalize. Hours of work are lost.,Software,High,150,À Traiter (Actif),False,MammoReport,Radiology,2026-02-28 22:00:00,User_023
TIC-1668,Patient electronic menu ordering application displays discontinued food items.,"Hi IT, the database synchronization is broken. Patients are selecting digital meals that we no longer stock in inventory.",Software,Low,150,À Traiter (Actif),False,MenuSync,Kitchen,2026-03-11 03:30:00,User_051
TIC-1673,Automated scanning application duplicates all incoming digital pallet logs.,"Hi team, the software records every entry twice. The database shows double the actual physical stock currently in inventory.",Software,Medium,150,À Traiter (Actif),False,ScanDupe,Stock,2026-03-11 04:45:00,User_062
TIC-1682,Physiotherapy scheduling calendar allows massive overlapping of digital appointments.,"Greetings, the software logic ignores the gym capacity limits. Ten patients are electronically booked for the exact same timeslot.",Software,Medium,150,À Traiter (Actif),False,GymOverlap,Physiotherapy,2026-03-11 07:00:00,User_067
TIC-0473,License plate recognition camera is confusing the letter O with the number zero.,The optical character recognition software is failing. Pre-paid monthly parkers are being denied entry because the system misreads their license plates continuously. Train the OCR model better.,Software,Medium,150,À Traiter (Actif),False,PlateReader,Car park,2026-02-24 05:00:00,User_055
TIC-0479,Physiotherapy department billing software applies the wrong billing codes to aquatic therapy.,We are vastly undercharging for pool sessions because the software defaults to basic massage codes. This is costing the clinic thousands of euros. Fix the mapping logic.,Software,High,150,À Traiter (Actif),False,PhysioBill,Physiotherapy,2026-02-24 06:30:00,User_049
TIC-1457,Electronic growth chart software plots weight data completely backward.,"Hi there, the graph makes it look like the children are losing massive amounts of weight. Fix axes.",Software,Medium,150,À Traiter (Actif),False,DirSearch,Reception,2026-03-05 11:45:00,User_040
TIC-1470,Menu planning database randomly substitutes pork for vegetarian requests.,"Dear team, the database mapping is completely scrambled. This software flaw violates severe religious and ethical dietary restrictions.",Software,Critical,150,À Traiter (Actif),False,AutoSyringe,Stock,2026-03-05 15:00:00,User_006
TIC-0928,Intravenous infusion pump software ignores the maximum dosage limits.,"The safety guardrails are disabled entirely, allowing a tired nurse to accidentally program a lethal medication flow rate.",Software,Critical,150,À Traiter (Actif),False,IVGuard,ICU,2026-02-28 22:45:00,User_071
TIC-1214,Echocardiogram reporting template deletes all recorded physician signatures.,"Hi there, the application wipes the electronic sign-off upon closing. We cannot finalize our daily diagnostic reports properly.",Software,High,150,À Traiter (Actif),False,StockMath,Stock,2026-03-03 22:15:00,User_019
TIC-0905,Triage nursing dashboard calculates adult drug dosages for children.,"A severe software bug is ignoring the patient age field, recommending lethal medication amounts for pediatric cases.",Software,Critical,150,À Traiter (Actif),False,NurseDash,ER,2026-02-28 17:00:00,User_004
TIC-0911,Surgical instrument sterilization tracking software crashes upon barcode scan.,The application force closes when we verify tray safety. Operations are delayed pending manual paper audit logs.,Software,High,150,À Traiter (Actif),False,SteriTrack,Surgery,2026-02-28 18:30:00,User_067
TIC-1473,Automated purchasing algorithm orders entirely too many surgical masks.,"Greetings, the multiplier logic is flawed. It generated a request that will exhaust our monthly budget completely today.",Software,Medium,150,À Traiter (Actif),False,ParkClock,Car park,2026-03-05 15:45:00,User_061
TIC-1432,Extracorporeal membrane oxygenation machine displays a fatal flow error.,"Hi there, the life support computer crashed. The physical pump works, but we lost all digital safety monitoring.",Software,High,150,À Traiter (Actif),False,BedLogic,Admissions,2026-03-05 05:30:00,User_083
TIC-0598,Outpatient appointment scheduling database allows booking slots that are already completely filled.,The logic is entirely broken. We currently have five different patients booked for the exact same fifteen-minute consultation slot. The database synchronization process is completely failing to block overlaps.,Software,High,150,À Traiter (Actif),False,ApptOverlap,Outpatient Clinic,2026-02-25 12:15:00,User_034
TIC-1221,Pharmacist fingerprint rejected by the main automated dispensing safe.,"Hi there, the biometric scanner wiped my profile. I cannot extract the morning schedule of narcotic painkillers.",Software,Medium,150,À Traiter (Actif),False,TimeSync,ER,2026-03-04 00:00:00,User_088
TIC-1228,Computed tomography scanner fails to upload massive imaging studies.,"Greetings, the network port is throttling the gigabyte files. Emergency room doctors are waiting for trauma scans.",Software,Low,150,À Traiter (Actif),False,TempConfig,Lab,2026-03-04 01:45:00,User_071
TIC-0886,ICU electronic medical record software calculates incorrect intravenous drip rates.,The system logic is flawed and is recommending an incredibly fast infusion speed that could harm the patient.,Software,Critical,150,À Traiter (Actif),False,DripLogic,ICU,2026-02-28 12:15:00,User_014
TIC-0622,Surgical scheduling app double books the main operating theater.,Two different surgical teams arrived to use OR 1 at the same time. Fix logic.,Software,High,150,À Traiter (Actif),False,SurgiBook,Surgery,2026-02-25 18:15:00,User_031
TIC-1788,Patient shift scheduling database assigns unqualified nurses to machines.,"Hi IT, the software ignores certification tags completely. It digitally pairs untrained staff with the most unstable dialysis patients.",Software,Critical,150,À Traiter (Actif),False,NurseTag,Dialysis,2026-03-11 08:30:00,User_099
TIC-1794,Epidural medication dosage calculator applies incorrect mathematical conversion factors.,"Good morning, the software logic is severely flawed. The digital application is recommending dangerous flow rates for laboring mothers.",Software,Critical,150,À Traiter (Actif),False,EpiMath,Maternity,2026-03-11 10:00:00,User_004
TIC-1763,Reception area digital queue application calculates wait times poorly.,"Hi team, the software logic tells patients to wait five hours. This digital bug is causing massive lobby frustration.",Software,Low,150,À Traiter (Actif),False,QueueBug,Reception,2026-03-11 02:15:00,User_019
TIC-0424,Radiologist voice dictation software is replacing medical terms with random words.,The recognition engine just transcribed pulmonary embolism as culinary enthusiasm. These reports are dangerous nonsense. We need the voice model rolled back to the previous version.,Software,Medium,150,À Traiter (Actif),False,VoiceRad,Radiology,2026-02-23 16:45:00,User_062
TIC-0412,Anesthesia drug calculation software is recommending ten times the normal dosage.,"Our anesthesiologist caught the error manually, avoiding a fatal overdose. This automated calculation glitch is a massive liability for the hospital. Take the software offline today.",Software,Critical,150,À Traiter (Actif),False,AnesthCalc,Surgery,2026-02-23 13:45:00,User_082
TIC-0402,Emergency bed tracking software shows all empty rooms as currently occupied.,Ambulances are being diverted unnecessarily because the system falsely claims we are full. We have available trauma bays but the software strictly blocks new admissions.,Software,High,150,À Traiter (Actif),False,BedFind,ER,2026-02-23 11:15:00,User_015
TIC-0523,Radiology scheduling software permits booking MRI appointments for patients with pacemakers.,The safety questionnaire logic is completely broken and ignoring lethal contraindications. A patient was almost placed into the magnetic field today. Fix this screening flaw immediately.,Software,Critical,150,À Traiter (Actif),False,RadSched,Radiology,2026-02-24 17:30:00,User_004
TIC-0529,Centralized vital sign alarm management system sends alerts to incorrect pagers.,A respiratory distress alarm in room two was sent to the nurse assigned to room ten. This routing failure causes massive confusion and dangerous delays in response.,Software,High,150,À Traiter (Actif),False,AlarmRoute,ICU,2026-02-24 19:00:00,User_055
TIC-1357,Main reception courtesy umbrella tracking database deletes all entries.,"Hi team, the web application purges the borrower list daily. We are losing hundreds of umbrellas every month.",Software,Medium,150,À Traiter (Actif),False,DirSearch,Reception,2026-03-05 10:00:00,User_049
TIC-1779,License plate recognition application completely reverses alphabetical text characters.,"Good morning, the optical character software is corrupted. It digitally misreads every authorized physician license plate, denying them entry.",Software,Medium,150,À Traiter (Actif),False,PlateOCR,Car park,2026-03-11 06:15:00,User_012
TIC-1346,Emergency room rapid blood warmer ignores the temperature limits.,"Hello, the fluid heater software crashed while running. We risk boiling the donor blood before the massive transfusion.",Software,Critical,150,À Traiter (Actif),False,ChemoVol,Oncology,2026-03-05 07:15:00,User_062
TIC-0813,Kitchen automated ordering system purchases expired dairy products exclusively.,The supplier integration API is selecting items past their sell-by dates. Cancel the incoming milk delivery immediately.,Software,High,150,À Traiter (Actif),False,FoodOrder,Kitchen,2026-02-27 18:00:00,User_049
TIC-0815,Car park exit barrier software charges double for parking.,The billing algorithm calculates time incorrectly and overcharges every departing visitor. We are processing refunds manually now.,Software,High,150,À Traiter (Actif),False,ParkBill,Car park,2026-02-27 18:30:00,User_076
TIC-0446,Chemotherapy infusion pump library is missing the new generic drug formulations entirely.,"Nurses cannot select the new medications from the pump's safety library. We are forced to manually program the flow rates, which is highly dangerous. Push the update.",Software,High,150,À Traiter (Actif),False,ChemoPump,Oncology,2026-02-23 22:15:00,User_062
TIC-1049,Tumor registry reporting tool calculates incorrect patient survival statistics.,"The mathematical algorithm is flawed, corrupting our mandatory data submissions to the national health database. Roll back update.",Software,High,150,À Traiter (Actif),False,TumorStats,Oncology,2026-03-02 05:00:00,User_015
TIC-1028,Electronic medical record calculates incorrect continuous drug infusion rates.,"The dosage logic is flawed, recommending a dangerously fast drip speed for powerful sedatives. We are calculating manually.",Software,Critical,150,À Traiter (Actif),False,EMRDose,ICU,2026-03-01 23:45:00,User_071
TIC-1035,Patient intake form deletes emergency contact fields upon saving.,"The database drops the phone numbers every time we hit submit, leaving us unable to reach family members.",Software,High,150,À Traiter (Actif),False,IntakeDB,Admissions,2026-03-02 01:30:00,User_049
TIC-1032,Patient identity card scanner physically chews up plastic cards.,The internal roller mechanism is jammed and destroying expensive government identification documents. Please replace this broken hardware immediately.,Support,Medium,100,À Traiter (Actif),False,IDScan,Admissions,2026-03-02 00:45:00,User_034
TIC-1059,Visitor badge thermal printer feeds paper without printing anything.,"The print head is malfunctioning, leaving us unable to visually identify approved guests in the hospital. Bring replacement.",Support,Medium,100,À Traiter (Actif),False,BadgePrint,Reception,2026-03-02 07:30:00,User_076
TIC-1046,Chemotherapy infusion pump touch screen completely unresponsive to touch.,The nurse cannot program the vital medication flow rate because the digitized glass panel is dead. Replace hardware.,Support,High,100,À Traiter (Actif),False,ChemoTouch,Oncology,2026-03-02 04:15:00,User_062
TIC-0818,Maternity delivery room fetal heart monitor prints blank paper.,"The thermal printer mechanism moves, but no ink transfers to the chart. Replace the internal print head.",Support,Medium,100,À Traiter (Actif),False,FetalPrint,Maternity,2026-02-27 19:15:00,User_027
TIC-0812,Reception area public directory touchscreen is entirely physically shattered.,A frustrated visitor struck the glass panel. The kiosk is unusable and poses a sharp cutting hazard.,Support,Low,100,À Traiter (Actif),False,LobbyDir,Reception,2026-02-27 17:45:00,User_082
TIC-0804,Pharmacy dispensing robot crushes fragile glass medication vials repeatedly.,The mechanical claw applies excessive pressure and destroys expensive inventory. We require immediate hardware calibration and cleaning.,Support,Critical,100,À Traiter (Actif),False,RoboDispense,Pharmacy,2026-02-27 15:45:00,User_023
TIC-1347,Cardiology ultrasound gel heater digital thermometer shows negative values.,"Hi there, the sensor is completely broken. The gel is physically burning hot but the screen says freezing.",Support,Critical,100,À Traiter (Actif),False,LaserAlign,Oncology,2026-03-05 07:30:00,User_023
TIC-0528,Intracranial pressure monitoring module refuses to sync with the bedside dashboard.,"The physical probe in the patient's brain is working, but the digital interface box is dead. We cannot see the pressure trends necessary to prevent brain damage.",Support,Critical,100,À Traiter (Actif),False,BrainPress,ICU,2026-02-24 18:45:00,User_071
TIC-0522,Digital mammography workstation monitors are displaying a heavily pixelated gray artifact.,The radiologists cannot accurately detect microcalcifications because the screens are introducing artificial noise into the images. Please check the video cards on these high-end diagnostic machines.,Support,Critical,100,À Traiter (Actif),False,MammoView,Radiology,2026-02-24 17:15:00,User_031
TIC-0405,Ambulance bay secure access doors are jammed shut and will not open.,"Paramedics cannot bring stretchers into the trauma center quickly. They must detour through the main waiting room, completely violating privacy and wasting crucial saving time.",Support,Critical,100,À Traiter (Actif),False,DoorSec,ER,2026-02-23 12:00:00,User_004
TIC-0407,Pacemaker programming laptop battery drains completely from full in five minutes.,We cannot safely adjust implanted devices in the operating room because the computer keeps dying mid-session. We need a replacement battery or a new laptop immediately.,Support,High,100,À Traiter (Actif),False,PaceProg,Cardiology,2026-02-23 12:30:00,User_055
TIC-0427,Intravenous pump barcode scanner cannot read the new pharmacy medication labels.,"Nurses are forced to manually type in complex drug names and dosages, which completely bypasses our safety checks and increases the risk of a medication error.",Support,High,100,À Traiter (Actif),False,PumpScan,ICU,2026-02-23 17:30:00,User_015
TIC-0423,The main CT scanner motorized table refuses to slide into the tube.,The electric motor is whining loudly but the table won't move an inch. We have a suspected stroke victim waiting. Send the biomedical equipment repair team.,Support,Critical,100,À Traiter (Actif),False,CTMove,Radiology,2026-02-23 16:30:00,User_004
TIC-0432,Identity document scanner is capturing images that are completely black and unreadable.,"The hardware seems to have failed internally. We cannot digitize driver licenses or passports, which is a mandatory step in our intake protocol. Send a replacement.",Support,Medium,100,À Traiter (Actif),False,ScanID,Admissions,2026-02-23 18:45:00,User_034
TIC-1039,Microbiology barcode printer outputs completely blank sticky paper labels.,The thermal print head has failed. We cannot safely label incoming biopsy samples without risking a catastrophic mix-up.,Support,High,100,À Traiter (Actif),False,MicroLabel,Lab,2026-03-02 02:30:00,User_099
TIC-1446,Electroencephalogram head cap connector pins are physically bent entirely.,"Hello IT, the hardware cable is ruined. We cannot plug the brain sensors into the digital monitoring computer.",Support,Critical,100,À Traiter (Actif),False,ChemoVol,Oncology,2026-03-05 09:00:00,User_095
TIC-0887,Admissions self service kiosk thermal printer is physically jammed completely.,The paper roll is tangled inside the gears. We cannot print the queue tickets for incoming hospital visitors.,Support,Low,100,À Traiter (Actif),False,PrinterJam,Admissions,2026-02-28 12:30:00,User_088
TIC-1232,Electronic flowsheet software duplicates the hourly nursing vital entries.,"Hi team, every time we save blood pressure, it creates two identical records. This clutters the chart totally.",Support,Medium,100,À Traiter (Actif),False,BadgePrint,Reception,2026-03-04 02:45:00,User_034
TIC-1225,Pharmacy inventory database transmits passwords in plain text.,"Good morning, our security sweep revealed the login portal lacks encryption. Secure the website with HTTPS immediately.",Support,Medium,100,À Traiter (Actif),False,FootPedal,Radiology,2026-03-04 01:00:00,User_023
TIC-0610,Playroom interactive tablet is physically stuck on maximum volume.,"The volume button is jammed, and the cartoons are deafening the ward. Please replace it.",Support,Low,100,À Traiter (Actif),False,PlayTab,Pediatrics,2026-02-25 15:15:00,User_034
TIC-0597,Electronic patient check-in kiosk touch screen registers touches two inches off center.,Patients are completely unable to type their names or birthdates because the hardware calibration is entirely ruined. We need someone to manually run the screen alignment tool right away.,Support,Low,100,À Traiter (Actif),False,KioskAlign,Outpatient Clinic,2026-02-25 12:00:00,User_093
TIC-1440,Visitor identification photo camera lens is physically scratched deeply.,"Dear team, every printed security badge has a massive blur across the face. We need a replacement webcam.",Support,Critical,100,À Traiter (Actif),False,HemaRound,Lab,2026-03-05 07:30:00,User_002
TIC-1429,Computed tomography scanner fails to ping the backup storage.,"Dear IT, the primary drive is full and the network bridge to the archive is dead. Scans halted.",Support,Critical,100,À Traiter (Actif),False,PumpClamp,ICU,2026-03-05 04:45:00,User_077
TIC-1253,Oncology nurses locked out of the clinical trial portal.,"Greetings, they cannot enter patient symptom responses because their security group was accidentally deleted from the server entirely.",Support,Medium,100,À Traiter (Actif),False,DietPrint,Kitchen,2026-03-04 08:00:00,User_093
TIC-1474,Shipping label thermal printer output is completely faded entirely.,"Good morning, the print head is ruined. We cannot dispatch requested inventory boxes to the clinical hospital wards.",Support,High,100,À Traiter (Actif),False,DocGate,Car park,2026-03-05 16:00:00,User_016
TIC-0902,Ambulance bay entry intercom transmits only heavy audio static.,We cannot hear the paramedics requesting door access. The external microphone hardware seems completely destroyed by rain.,Support,Medium,100,À Traiter (Actif),False,CommsPro,ER,2026-02-28 16:15:00,User_015
TIC-1211,Catheterization lab viewing monitor mounts are physically loose.,"Hello, the heavy screens are swinging during procedures. We need a technician to tighten the hardware brackets.",Support,Low,100,À Traiter (Actif),False,ChargeCord,Pediatrics,2026-03-03 21:30:00,User_067
TIC-1460,Ward playroom smart television locked onto inappropriate internet content.,"Dear IT, the parental filter failed entirely. We unplugged the television, but it needs a complete factory reset.",Support,Medium,100,À Traiter (Actif),False,MicRip,Reception,2026-03-05 12:30:00,User_098
TIC-1453,Patient education tablets in the infusion room drop internet.,"Greetings, the devices cannot reach the external streaming sites. Patients are sitting in silence during their long treatments.",Support,Low,100,À Traiter (Actif),False,TVBreak,Pediatrics,2026-03-05 10:45:00,User_028
TIC-1447,Deep brain stimulator app reverses the left and right.,"Hi team, adjusting the left hemisphere changes the right implant. This software glitch is incredibly dangerous for patients.",Support,Critical,100,À Traiter (Actif),False,LaserAlign,Oncology,2026-03-05 09:15:00,User_044
TIC-1079,Digital signature capture pad screen registers touches completely inaccurately.,Patients cannot sign their legally required consent forms because the calibration is off by three inches. Replace it.,Support,Low,100,À Traiter (Actif),False,SignTouch,Physiotherapy,2026-03-02 12:30:00,User_049
TIC-0472,Automated payment kiosk touch screen is completely shattered and dangerously sharp today.,Vandals smashed the screen overnight. Patients cannot pay for their parking and are getting cut on the glass trying to use it. Put an out-of-order sign up.,Support,Medium,100,À Traiter (Actif),False,PayKiosk,Car park,2026-02-24 04:45:00,User_071
TIC-1483,Patient scheduling software allows triple booking of the pool.,"Greetings, the logic ignores capacity limits. We have too many patients arriving for aquatic therapy at the same time.",Support,Medium,100,À Traiter (Actif),False,ChairSpark,Dialysis,2026-03-05 18:15:00,User_043
TIC-0916,Outpatient pharmacy label printer jams after every single prescription.,The thermal feeding mechanism is completely broken. Patients are waiting hours for basic discharge medications to print.,Support,Medium,100,À Traiter (Actif),False,RxPrint,Pharmacy,2026-02-28 19:45:00,User_008
TIC-1200,Automated parking payment machine touchscreen completely unresponsive to touch.,"Greetings, the digitizer glass is dead. Visitors are trapped at the exit because they cannot interact with the kiosk.",Support,Low,100,À Traiter (Actif),False,BlueScreen,Outpatient Clinic,2026-03-03 18:45:00,User_082
TIC-1195,Radiation therapy treatment console drops connection to the database.,"Hello, the machine cannot load the patient dosage maps because the network link is highly unstable. Treatments are halted.",Support,High,100,À Traiter (Actif),False,TicketRead,Car park,2026-03-03 17:30:00,User_055
TIC-1193,Laboratory barcode printer generates totally illegible and smeared labels.,"Greetings, the thermal heads are completely ruined. We cannot safely attach patient identification to the incoming chemical blood tubes.",Support,High,100,À Traiter (Actif),False,BeltSensor,Kitchen,2026-03-03 17:00:00,User_015
TIC-0592,Digital pathology voice dictation pedal is physically broken and completely unresponsive today.,"The pathologist cannot pause or rewind audio while looking through the microscope. Their hands are busy, so the broken foot pedal brings the workflow to a complete halt immediately.",Support,Medium,100,À Traiter (Actif),False,PathoPedal,Pathology,2026-02-25 10:45:00,User_042
TIC-0588,Neonatal hearing screening diagnostic tablet battery fails to hold any charge completely.,"The device dies the second we unplug it from the wall, making it impossible to perform the test quietly at the bedside of sleeping infants. Replace the hardware completely.",Support,Medium,100,À Traiter (Actif),False,HearBat,Maternity,2026-02-25 09:45:00,User_031
TIC-0580,Digital signature pad hardware at the reception desk is completely unresponsive today.,The stylus pen does absolutely nothing when touching the screen. We cannot collect the legally required consent signatures before beginning complex spinal manipulations. Please send a replacement pad quickly.,Support,Low,100,À Traiter (Actif),False,SignHardware,Physiotherapy,2026-02-25 07:45:00,User_019
TIC-0493,Biopsy specimen barcode printer is outputting totally black labels with no text.,"We cannot label the incoming surgical specimens. If we mix up these tissue samples, a patient could get the wrong cancer diagnosis. This is an absolute emergency.",Support,Critical,100,À Traiter (Actif),False,SpecimenPrint,Pathology,2026-02-24 10:00:00,User_015
TIC-1252,Radiation therapy patient positioning laser is totally misaligned today completely.,"Hi IT, the red alignment beam is off by two centimeters. We cannot safely target the cancer tumors.",Support,Medium,100,À Traiter (Actif),False,AVWipe,Reception,2026-03-04 07:45:00,User_012
TIC-1246,Brain mapping research data folder left completely unprotected today.,"Hello team, anyone on the network can view our highly sensitive clinical trial results. Lock the directory immediately.",Support,Critical,100,À Traiter (Actif),False,GlassBreak,ICU,2026-03-04 06:15:00,User_062
TIC-1239,Insurance eligibility verification portal times out over the slow network.,"Good morning, the external internet link is dropping packets. We cannot verify financial coverage for incoming elective surgeries.",Support,High,100,À Traiter (Actif),False,LensFocus,Pathology,2026-03-04 04:30:00,User_099
TIC-0894,Warehouse inventory barcode scanner touch screen is physically shattered today.,A forklift ran over the device. The screen is broken and the scanner is totally unusable. Replace it.,Support,Low,100,À Traiter (Actif),False,ScreenBreak,Stock,2026-02-28 14:15:00,User_071
TIC-0880,Outpatient clinic electronic signature pad driver is entirely missing today.,The computer does not recognize the connected hardware device. We cannot capture patient consent forms without these drivers.,Support,Low,100,À Traiter (Actif),False,DriverMiss,Outpatient Clinic,2026-02-28 10:45:00,User_019
TIC-0872,Reception area public announcement speakers are entirely blown and distorted.,The audio is completely incomprehensible. We cannot issue clear emergency pages to the lobby. Please replace the hardware.,Support,Medium,100,À Traiter (Actif),False,SpeakBlow,Reception,2026-02-28 08:45:00,User_071
TIC-1267,New dietary aide locked out of the daily menu database.,"Hi IT, his active directory profile was never provisioned with the culinary software access roles. Please fix this.",Support,Low,100,À Traiter (Actif),False,WireCut,Admissions,2026-03-04 11:30:00,User_004
TIC-0623,Pharmacy barcode scanner completely unresponsive to damaged labels.,"The laser scanner fails to read slightly smudged medication barcodes, forcing dangerous manual data entry.",Support,Medium,100,À Traiter (Actif),False,ScanMeds,Pharmacy,2026-02-25 18:30:00,User_004
TIC-1507,Senior heart specialist denied entry to clinical database.,Hello team. The head physician cannot pull up patient vessel histories. His authorization token was seemingly rejected by the authentication server.,Support,Low,100,À Traiter (Actif),False,UmbrellaOS,Admissions,2026-03-06 09:30:00,User_055
TIC-1505,Electronic prescription gateway signature pad is entirely physically unresponsive.,"Dear team, the touch screen digitizer failed. We cannot capture patient consent to transmit their digital medication orders.",Support,Medium,100,À Traiter (Actif),False,RFIDTrack,Radiology,2026-03-06 09:00:00,User_004
TIC-0571,Automated parking ticket dispenser machine is completely out of thermal paper.,The hardware sensor that usually alerts us when the roll is low completely failed. Visitors are trapped at the entrance because the boom gate will not open without dispensing.,Support,Medium,100,À Traiter (Actif),False,TicketPaper,Car park,2026-02-25 05:30:00,User_015
TIC-0566,Warehouse barcode scanning guns are completely unable to read the new shipping labels.,"The vendor changed their barcode format to a high-density matrix, and our older scanners simply beep error codes. We cannot receive any pallets of intravenous fluids into the system.",Support,High,100,À Traiter (Actif),False,ScanMatrix,Stock,2026-02-25 04:15:00,User_031
TIC-1491,Expectant fathers temporary security badges fail at the doors.,"Hello IT, the printed barcodes do not unlock the ward. Families are trapped in the hallway waiting area.",Support,High,100,À Traiter (Actif),False,LensJam,Pathology,2026-03-05 20:15:00,User_094
TIC-1490,Patient electronic recliner chair motor emits smoke and sparks.,"Dear team, the wiring harness shorted out. The patient is safe, but we need an immediate replacement chair.",Support,Medium,100,À Traiter (Actif),False,NameRuin,Maternity,2026-03-05 20:00:00,User_005
TIC-1099,Waiting room queue display television emits a loud buzzing.,The screen is black and the speaker is making a horrible noise. The hardware requires a complete replacement.,Support,Low,100,À Traiter (Actif),False,TVBuzz,Outpatient Clinic,2026-03-02 17:30:00,User_067
TIC-1093,Chemical fume hood digital airflow sensor screen completely dead.,We cannot visually verify that the toxic formaldehyde fumes are being vented properly. We need a replacement display.,Support,High,100,À Traiter (Actif),False,FumeScreen,Pathology,2026-03-02 16:00:00,User_015
TIC-0455,Pediatric ward electronic door locks are trapping parents inside the patient rooms.,"The exit buttons are completely unresponsive, and the electronic strike plates will not release. People are starting to panic. Send maintenance to prop the heavy doors.",Support,High,100,À Traiter (Actif),False,DoorLockSys,Pediatrics,2026-02-24 00:30:00,User_067
TIC-1422,Automated pill counter database maps aspirin to heavy narcotics.,"Greetings, the medication identifiers are completely crossed. This software flaw creates massive compliance and safety issues for us.",Support,Medium,100,À Traiter (Actif),False,IntercomMR,Radiology,2026-03-05 03:00:00,User_085
TIC-1413,Mobile pacemaker interrogation cart cannot reach the central server.,"Greetings, the wireless adapter failed. We cannot upload the implanted device parameters from the patient rooms today.",Support,High,100,À Traiter (Actif),False,EndoCam,Surgery,2026-03-05 00:05:00,User_081
TIC-0860,Outpatient clinic waiting room queue display shows a blue screen.,The large monitor crashed hard and is displaying a Windows memory dump. Please reboot the digital signage computer.,Support,Low,100,À Traiter (Actif),False,BlueScreen,Outpatient Clinic,2026-02-28 05:45:00,User_008
TIC-0855,Car park automated exit gate refuses to read validated paper tickets.,The barcode scanner inside the kiosk is completely blind to the printed exit passes. Cars are trapped inside.,Support,High,100,À Traiter (Actif),False,TicketRead,Car park,2026-02-28 04:30:00,User_067
TIC-0853,Kitchen automated dishwashing conveyor belt stops moving every two minutes.,"The sensor that detects heavy plates is malfunctioning, halting the entire sanitation line repeatedly. We need mechanical assistance.",Support,High,100,À Traiter (Actif),False,BeltSensor,Kitchen,2026-02-28 04:00:00,User_093
TIC-1281,Electronic exercise prescription application displays the text entirely backwards.,"Hello team, a localization bug has completely mirrored the fonts on the tablets. We cannot read the workouts.",Support,Medium,100,À Traiter (Actif),False,CartBat,ER,2026-03-04 15:00:00,User_076
TIC-1274,Barcode scanning guns disconnect from wifi behind the metal shelving.,"Good morning, the access points do not penetrate the dense storage aisles. We need network repeaters installed quickly.",Support,Medium,100,À Traiter (Actif),False,LaserDead,Stock,2026-03-04 13:15:00,User_012
TIC-1011,Surgical microscope foot pedal completely unresponsive to any pressure.,The surgeon cannot adjust the focus without using their sterile hands. We need a replacement USB pedal immediately.,Support,High,100,À Traiter (Actif),False,MicroPedal,Surgery,2026-03-01 19:30:00,User_067
TIC-1004,Electrocardiogram cart printer jams every time we print waveforms.,The paper feed mechanism is physically broken. Doctors are waiting for the diagnostic strips to plan their treatments.,Support,Medium,100,À Traiter (Actif),False,ECGPrint,Cardiology,2026-03-01 17:45:00,User_023
TIC-0512,Surgical instrument counting scanner misses barcode tags during the final tally.,The system falsely reports missing sponges and clamps because the optical reader is failing. We are spending hours manually recounting sterile trays before closing incisions.,Support,High,100,À Traiter (Actif),False,CountSafe,Surgery,2026-02-24 14:45:00,User_082
TIC-0506,Emergency trauma bay overhead paging speakers broadcast a loud static buzz.,"The noise makes it impossible to communicate vital commands during a resuscitation. We have turned off the amplifier temporarily, but we need the paging capability restored.",Support,Medium,100,À Traiter (Actif),False,PageER,ER,2026-02-24 13:15:00,User_071
TIC-0557,Reception area digital queue numbering machine prints out entirely blank tickets.,"The thermal printer mechanism is moving, but no text appears on the paper. The waiting room is dissolving into chaos because nobody knows what their actual number is today.",Support,Medium,100,À Traiter (Actif),False,TicketPrint,Reception,2026-02-25 02:00:00,User_049
TIC-0941,Electroencephalogram video camera fails to focus on the patient.,The autofocus mechanism is broken. We cannot capture the subtle facial twitches necessary to diagnose complex seizure disorders.,Support,Medium,100,À Traiter (Actif),False,EEGVideo,Neurology,2026-03-01 02:00:00,User_051
TIC-0932,Admissions digital signature capture pad connects but remains unresponsive.,The USB drivers are corrupted. We cannot capture the legally required financial consent forms from incoming hospital patients.,Support,Medium,100,À Traiter (Actif),False,SignCap,Admissions,2026-02-28 23:45:00,User_034
TIC-1187,Holter monitor data extraction software throws a memory exception.,"Hi there, the application crashes when processing large continuous heart rhythm files. It needs a massive memory allocation upgrade.",Support,Low,100,À Traiter (Actif),False,IDScanner,Admissions,2026-03-03 15:30:00,User_088
TIC-1185,Telehealth video platform transmits patient consultations without any encryption.,"Good morning, the network traffic is entirely plain text. We must enforce strict end to end security protocols immediately.",Support,Critical,100,À Traiter (Actif),False,PowerSupply,Radiology,2026-03-03 15:00:00,User_051
TIC-1180,Parking garage digital capacity sign shows a massive error.,"Hi there, the outdoor screen says negative fifty spots available. The counting algorithm crashed and confuses the arriving patients.",Support,Low,100,À Traiter (Actif),False,DriverMiss,Outpatient Clinic,2026-03-03 13:45:00,User_019
TIC-0644,ICU blood gas analyzer refuses to print paper results.,The machine tests the blood but the thermal printer is jammed and refusing to feed.,Support,Medium,100,À Traiter (Actif),False,GasPrint,ICU,2026-02-25 23:45:00,User_031
TIC-0669,Pediatric ward baby scale digital display is completely dead.,We cannot weigh the infants because the LCD screen on the rolling scale won't illuminate.,Support,Medium,100,À Traiter (Actif),False,ScaleLCD,Pediatrics,2026-02-26 06:00:00,User_023
TIC-0665,Admissions digital signature pad cord is physically severed.,A desk chair rolled over the USB cable and cut it. We need hardware replaced.,Support,Low,100,À Traiter (Actif),False,SignCord,Admissions,2026-02-26 05:00:00,User_088
TIC-0663,Radiology fluoroscopy pedal fails to trigger x-ray beams.,"The wireless foot pedal has completely disconnected from the machine, halting the guided catheter procedure.",Support,Critical,100,À Traiter (Actif),False,PedalSync,Radiology,2026-02-26 04:30:00,User_051
TIC-1406,Portable blood gas analyzer screen freezes during trauma readings.,"Hi team, the handheld analyzer completely locks up mid-test. We cannot quickly assess the trauma patient respiratory status.",Support,Medium,100,À Traiter (Actif),False,MonitorFix,Cardiology,2026-03-04 22:05:00,User_092
TIC-1399,Warehouse dry ice storage monitor loses the network uplink.,"Hi team, we cannot remotely verify the freezing temperatures for the incoming vaccine shipment. Check the ethernet switches.",Support,Medium,100,À Traiter (Actif),False,TeleCam,Outpatient Clinic,2026-03-05 20:30:00,User_067
TIC-0689,Pediatric ward intercom system plays audio in wrong rooms.,Paging room 12 actually broadcasts the audio into room 14. The wiring logic is crossed.,Support,Medium,100,À Traiter (Actif),False,InterWire,Pediatrics,2026-02-26 11:00:00,User_004
TIC-0683,Radiology patient check-in kiosk printer out of paper.,The machine cannot print the waiting room queue tickets. Please install a new thermal roll.,Support,Low,100,À Traiter (Actif),False,TicketRoll,Radiology,2026-02-26 09:30:00,User_099
TIC-1391,Intensive care arterial line transducer module fails to initialize.,"Hello IT, the bedside monitor cannot read the continuous blood pressure device. The physical port seems totally dead.",Support,High,100,À Traiter (Actif),False,LensJam,Pathology,2026-03-05 18:30:00,User_023
TIC-0458,Visitor management system webcam is totally failing to capture any visitor photos.,"The USB camera is completely dead. We cannot print photo ID badges for guests, which violates our building security policy. Please deliver a new webcam unit.",Support,Medium,100,À Traiter (Actif),False,VisCam,Reception,2026-02-24 01:15:00,User_019
TIC-0551,Neonatal intensive care unit incubator humidity sensor reads exactly zero percent.,"The physical water reservoir is full, but the digital controller is refusing to humidify the air for the premature infant. This hardware failure puts the baby at severe risk.",Support,Critical,100,À Traiter (Actif),False,HumidSens,Pediatrics,2026-02-25 00:30:00,User_055
TIC-0550,Tumor board video conferencing system microphone array captures only static noise.,The multidisciplinary team cannot discuss complex cancer cases with external specialists because our audio feed is completely garbled. The ceiling microphones appear to have a severe hardware fault.,Support,Medium,100,À Traiter (Actif),False,TumorBoard,Oncology,2026-02-25 00:15:00,User_071
TIC-1533,Laboratory data integration engine fails to parse results.,Hi there. The bridge software cannot read the XML files generated by the hematology analyzers. The data is stuck in limbo.,Support,Medium,100,À Traiter (Actif),False,DietScan,Kitchen,2026-03-06 16:00:00,User_067
TIC-1172,Admissions electronic signature capture pad cable is physically severed.,"Greetings, a rolling desk chair cut the wire completely. We cannot process the mandatory hospital financial consent forms today.",Support,Medium,100,À Traiter (Actif),False,SpeakBlow,Reception,2026-03-03 11:45:00,User_071
TIC-1165,Telemedicine webcam hardware completely fails to initialize on computer.,"Greetings, the USB device throws a driver error continuously. The doctor cannot see the patients during their remote consultations.",Support,Low,100,À Traiter (Actif),False,MicFray,Radiology,2026-03-03 10:00:00,User_088
TIC-1160,Automated parking payment kiosk loses connection to credit processor.,"Hello, the gateway is timing out constantly. Visitors are trapped at the exit barriers because their cards are declined.",Support,Low,100,À Traiter (Actif),False,BlueScreen,Outpatient Clinic,2026-03-03 08:45:00,User_008
TIC-1525,Telemedicine web camera connection cord is physically snapped.,Hello team. A rolling desk chair sliced right through the USB cable. The doctor cannot perform visual assessments on remote patients.,Support,Critical,100,À Traiter (Actif),False,AllergyKit,Radiology,2026-03-06 14:00:00,User_023
TIC-1306,Emergency room chemical shower timer software resets to zero.,"Greetings, the decontamination shower digital timer fails. We cannot track the mandatory flushing duration for chemical burn patients.",Support,Medium,100,À Traiter (Actif),False,MonitorFix,Cardiology,2026-03-04 21:15:00,User_071
TIC-1360,Car park automated space guidance lights show green incorrectly.,"Hello, the ceiling sensors are completely miscalibrated. They direct arriving patients into spaces that are already physically occupied.",Support,Medium,100,À Traiter (Actif),False,MicRip,Reception,2026-03-05 10:45:00,User_008
TIC-0865,Radiology dictation microphone cord is physically frayed and exposing wires.,The device shorts out randomly while the doctor is speaking. We need a replacement USB microphone immediately please.,Support,Low,100,À Traiter (Actif),False,MicFray,Radiology,2026-02-28 07:00:00,User_088
TIC-0700,ER fast-track terminal keyboard has sticky and unresponsive keys.,Nurses cannot type patient notes quickly because the spacebar and enter keys are physically jammed.,Support,Low,100,À Traiter (Actif),False,KeyBoard,ER,2026-02-26 13:45:00,User_082
TIC-0699,Cardiology holter monitor software fails to import data via USB.,The application no longer recognizes the physical recording devices when plugged into the computer ports.,Support,High,100,À Traiter (Actif),False,USBImport,Cardiology,2026-02-26 13:30:00,User_067
TIC-0693,Car park boom gate stuck in the upright position.,"The mechanical arm refuses to lower, meaning anyone can park for free in the visitor lot.",Support,Low,100,À Traiter (Actif),False,GateMech,Car park,2026-02-26 12:00:00,User_015
TIC-0462,Automated kitchen dishwasher control panel is entirely unresponsive to any wet fingers.,The capacitive touch screen is useless in a commercial kitchen environment. We cannot start the sanitation cycle for the hospital's dirty dishes. Send a technician to bypass.,Support,Medium,100,À Traiter (Actif),False,DishWashOS,Kitchen,2026-02-24 02:15:00,User_027
TIC-0645,Admission kiosk touchscreen calibration is off by three inches.,Patients are tapping their names but the screen registers the letters on the row below.,Support,Low,100,À Traiter (Actif),False,KioskTouch,Admissions,2026-02-26 00:00:00,User_004
TIC-0537,Laboratory centrifuge lid locking mechanism engages permanently and refuses to release.,"The samples have finished spinning, but the electronic latch is completely dead. We cannot retrieve the separated plasma, and the blood will be ruined in an hour.",Support,Critical,100,À Traiter (Actif),False,SpinLock,Lab,2026-02-24 21:00:00,User_076
TIC-0533,Front desk identity card scanner is scratching the physical plastic cards.,"The internal rollers have seized up, and pushing an ID through destroys the magnetic stripe completely. Patients are very upset that we are ruining their driver licenses.",Support,Medium,100,À Traiter (Actif),False,IDRoller,Admissions,2026-02-24 20:00:00,User_067
TIC-1549,Night shift pharmacist passcode rejected by narcotics safe.,Greetings. His active directory profile seems disconnected from the vault logic. He cannot access the scheduled pain medications for the hospital.,Support,Medium,100,À Traiter (Actif),False,TuneFork,Neurology,2026-03-06 20:00:00,User_015
TIC-1538,Walk in refrigerator digital thermometer triggers false exception.,Hi IT. The database crashed because the sensor reported an impossible absolute zero temperature. The physical cooling unit is actually fine.,Support,High,100,À Traiter (Actif),False,NitrousMonitor,Maternity,2026-03-06 17:15:00,User_008
TIC-0502,External pacemaker programming wand fails to transmit updated heart rate limits.,The device connects via bluetooth but times out during the data push. The patient is stuck with incorrect pacing settings until we get a replacement wand.,Support,Critical,100,À Traiter (Actif),False,PaceWand,Cardiology,2026-02-24 12:15:00,User_015
TIC-1126,Emergency department digital clock display frozen at midnight entirely.,"Dear IT, the wall clock software crashed. We cannot accurately record trauma resuscitation protocol timings for our official charts.",Support,Medium,100,À Traiter (Actif),False,BedScale,ICU,2026-03-03 00:15:00,User_042
TIC-1123,Infant incubator rolling wheels are locked and completely jammed.,"Greetings, we cannot safely transport the premature baby to the surgical wing because the wheel mechanism is totally broken.",Support,Critical,100,À Traiter (Actif),False,MagLock,Surgery,2026-03-02 23:30:00,User_004
TIC-1018,Intravenous fluid barcode printer outputs entirely smeared illegible labels.,The thermal print head is misaligned and dirty. Ward nurses cannot scan the chemotherapy bags to ensure safety.,Support,Medium,100,À Traiter (Actif),False,IVPrint,Pharmacy,2026-03-01 21:15:00,User_027
TIC-1073,License plate recognition camera lens covered in thick condensation.,The camera cannot read any plates because the internal heater failed. We are manually opening gates for staff.,Support,Medium,100,À Traiter (Actif),False,CamHeat,Car park,2026-03-02 11:00:00,User_055
TIC-1066,Warehouse barcode scanner gun triggers physically stuck in constantly.,"The laser stays on permanently, draining the battery and scanning random barcodes accidentally. We need a new gun.",Support,Low,100,À Traiter (Actif),False,ScanLaser,Stock,2026-03-02 09:15:00,User_031
TIC-1377,Main reception wheelchair tracking software assigns multiple identical locations.,"Hello IT, the database says five chairs are in the exact same lobby corner. The logic is flawed.",Support,High,100,À Traiter (Actif),False,PoolTouch,Physiotherapy,2026-03-05 15:00:00,User_067
TIC-1367,Cardiology surgical stent inventory database allows unauthenticated remote deletions.,"Hello, anyone can access the web portal and erase our extremely expensive cardiac implant records. Secure it immediately.",Support,Medium,100,À Traiter (Actif),False,TabCrush,Stock,2026-03-05 12:30:00,User_004
TIC-1366,Emergency room orthopedic casting cart digital heater is dead.,"Dear IT, the fiberglass activation water bath will not warm up. The touchscreen is completely black and unresponsive.",Support,Critical,100,À Traiter (Actif),False,RecordWipe,Stock,2026-03-05 12:15:00,User_031
TIC-0847,Admissions desk barcode scanner reads driver licenses as random text strings.,"The optical reader decodes the data incorrectly, filling our forms with completely useless garbage characters. Reinstall the drivers.",Support,Low,100,À Traiter (Actif),False,IDScanner,Admissions,2026-02-28 02:30:00,User_023
TIC-0837,Dialysis patient recliner chair electronic controls short circuit completely.,The chair is stuck in a flat position and smells like burning wire. Please unplug and replace it.,Support,Low,100,À Traiter (Actif),False,ChairControl,Dialysis,2026-02-28 00:00:00,User_076
TIC-0836,Physiotherapy electronic traction table applies force intermittently and unpredictably.,"The motor stutters during spinal decompression therapies, causing sharp pain to our patients. The equipment requires maintenance.",Support,Critical,100,À Traiter (Actif),False,TractMotor,Physiotherapy,2026-02-27 23:45:00,User_019
TIC-1313,Laboratory automated petri dish labeling machine prints inverted text.,"Greetings, the barcode software flips the fonts entirely. Technicians cannot scan the biological cultures into the tracking database.",Support,High,100,À Traiter (Actif),False,EndoCam,Surgery,2026-03-04 23:00:00,User_049
TIC-1120,Parking ticket barcode scanner double charges every single vehicle.,"Hello IT, the optical reader scans the paper twice instantly. It charges visitors double the actual parking fee cost.",Support,High,100,À Traiter (Actif),False,SmartTV,Outpatient Clinic,2026-03-02 22:45:00,User_014
TIC-1118,Dietary automated ordering tablet drops wifi inside the freezer.,"Hello, the thick metal walls block the signal completely. The chef cannot inventory the frozen meat supplies digitally today.",Support,Medium,100,À Traiter (Actif),False,FetalPrint,Maternity,2026-03-02 22:15:00,User_027
TIC-1116,Ward playroom interactive tablet charging cables are completely frayed.,"Greetings, the exposed wires are a major electrical hazard for the children. Please provide replacement charging cords immediately today.",Support,Critical,100,À Traiter (Actif),False,LaserHeal,Physiotherapy,2026-03-02 21:45:00,User_008
TIC-1112,Patient registration software duplicates the same address zip codes.,"Dear IT, typing any postal code overwrites the entire database column with that number. This corrupts our billing records.",Support,Low,100,À Traiter (Actif),False,LobbyDir,Reception,2026-03-02 20:45:00,User_082
TIC-0958,Reception desk IP phone display screen is completely shattered.,A heavy binder was dropped on the telephone. We cannot read the caller ID for incoming external calls.,Support,Low,100,À Traiter (Actif),False,DeskPhone,Reception,2026-03-01 06:15:00,User_019
TIC-0950,Clinical trial patient consent scanner produces completely black images.,The hardware bulb is burned out. We cannot digitize the legal signatures required to enroll patients in studies.,Support,Low,100,À Traiter (Actif),False,ConsentScan,Oncology,2026-03-01 04:15:00,User_071
TIC-1153,Hematology analyzer interface drops connection to the main server.,"Hello, the blood test results are stuck on the local machine. The network bridge simply refuses to upload them.",Support,High,100,À Traiter (Actif),False,BeltSensor,Kitchen,2026-03-03 07:00:00,User_093
TIC-1147,Electrocardiogram reporting tool deletes all doctor annotations upon saving.,"Dear IT, the doctors type their medical findings, but the software wipes the text box clean when clicking submit.",Support,Low,100,À Traiter (Actif),False,IDScanner,Admissions,2026-03-03 05:30:00,User_023
TIC-1145,Outpatient clinical billing software throws a fatal database exception.,"Hi there, the application crashes whenever we attempt to process credit cards. We cannot collect any daily consultation copays.",Support,Critical,100,À Traiter (Actif),False,PowerSupply,Radiology,2026-03-03 05:00:00,User_004
TIC-1354,Neurology digital tuning fork application produces completely silent frequencies.,"Hi there, the tablet speaker drivers are failing. We cannot perform the auditory nerve response tests for patients.",Support,High,100,À Traiter (Actif),False,PediNarc,Pediatrics,2026-03-05 09:15:00,User_034
TIC-1353,Laboratory electronic pipette calibration software requires an unknown password.,"Hello, the maintenance module is locked. We cannot calibrate the fluid dispensers for the highly sensitive chemical assays.",Support,Low,100,À Traiter (Actif),False,TVBreak,Pediatrics,2026-03-05 09:00:00,User_093
TIC-0746,Admissions digital signature pad fails to connect via USB.,The operating system is throwing a driver error and refusing to mount the signature capture device. Reinstall drivers.,Support,Low,100,À Traiter (Actif),False,USBDriver,Admissions,2026-02-27 01:15:00,User_062
TIC-1337,Main reception automated taxi ordering kiosk shows blue screen.,"Good morning, the computer crashed hard. Discharged patients cannot automatically summon transportation home from the hospital lobby today.",Support,High,100,À Traiter (Actif),False,SpinLatch,Lab,2026-03-05 05:00:00,User_076
TIC-1329,Pharmacy automated narcotic return safe destroys the digital logs.,"Hi team, depositing unused fentanyl wipes the daily audit trail completely. This software flaw is a legal nightmare.",Support,Critical,100,À Traiter (Actif),False,PumpClamp,ICU,2026-03-05 03:00:00,User_055
TIC-1322,Dialysis continuous heparin infusion pump ignores programmed flow limits.,"Hi team, the software attempts to push lethal amounts of blood thinner. Take this machine out of service.",Support,Medium,100,À Traiter (Actif),False,IntercomMR,Radiology,2026-03-05 01:15:00,User_031
TIC-0826,Intensive care bed weight scales report physically impossible numbers.,The sensors claim an adult patient weighs exactly three grams. We cannot calculate precise intravenous fluid requirements.,Support,Medium,100,À Traiter (Actif),False,BedScale,ICU,2026-02-27 21:15:00,User_042
TIC-0441,Electroencephalogram electrodes are picking up massive electrical interference from the lighting.,The brainwave tracings are completely obscured by a huge amount of static. The grounding software is failing to filter out the ambient room noise. Please investigate.,Support,High,100,À Traiter (Actif),False,EEGFilter,Neurology,2026-02-23 21:00:00,User_051
TIC-1025,Voice dictation headset microphone captures only heavy static noise.,The radiologist cannot record their clinical findings because the hardware cord is frayed. Deliver a new headset quickly.,Support,Low,100,À Traiter (Actif),False,DictateMic,Radiology,2026-03-01 23:00:00,User_023
TIC-0544,Transcranial doppler ultrasound probe is not registering any blood flow velocities.,The hardware seems to have failed entirely. We cannot evaluate the patient for cerebral vasospasm following their brain hemorrhage. Send a replacement diagnostic probe as soon as possible.,Support,Critical,100,À Traiter (Actif),False,DopplerProbe,Neurology,2026-02-24 22:45:00,User_031
TIC-0516,Automated pill packaging robot drops capsules onto the floor completely randomly.,The mechanical dispensing arm is misaligned and missing the plastic pouches entirely. We are losing expensive medications and contaminating the sterile pharmacy workspace constantly today.,Support,Critical,100,À Traiter (Actif),False,PillBot,Pharmacy,2026-02-24 15:45:00,User_008
TIC-1582,Patient dialysis recliner chair internal wiring sparked heavily.,Good morning. Smoke came out of the electronic adjustment panel. The hardware is completely destroyed and requires immediate replacement for safety.,Support,Critical,100,À Traiter (Actif),False,DefibScan,Cardiology,2026-03-07 04:15:00,User_008
TIC-0973,Automated payment kiosk touchscreen is unresponsive to cold fingers.,Visitors cannot pay for parking because the capacitive screen fails entirely during this freezing morning weather. Replace hardware.,Support,Low,100,À Traiter (Actif),False,KioskTouch,Car park,2026-03-01 10:00:00,User_055
TIC-0965,Nutritional label barcode printer outputs smeared and unreadable ink.,The print head is destroyed. Nurses cannot scan the customized food trays to verify them against patient wristbands.,Support,Medium,100,À Traiter (Actif),False,DietPrint,Kitchen,2026-03-01 08:00:00,User_088
TIC-1137,Lobby visitor badge printer outputting entirely blank white labels.,"Greetings, the thermal printing element seems completely dead. We cannot issue visual security passes to the waiting hospital guests.",Support,Low,100,À Traiter (Actif),False,ChairControl,Dialysis,2026-03-03 03:00:00,User_076
TIC-1579,Warehouse barcode scanner completely misinterprets the product data.,Greetings. Reading a box of gloves registers as surgical steel implants. The decoding logic in the software update is totally flawed.,Support,High,100,À Traiter (Actif),False,SlideJam,Pathology,2026-03-07 03:30:00,User_049
TIC-1598,Automated dishwashing conveyor belt optical sensor is broken.,"Hi IT. The hardware cannot detect approaching plates, halting the sanitation line constantly. We need mechanical replacement parts for the machine.",Support,Medium,100,À Traiter (Actif),False,LactDoor,Maternity,2026-03-07 08:15:00,User_034
TIC-1591,Intensive care ventilator software triggers completely false alarms.,"Dear IT, the system screams that the pressure is too high, but physical gauges show perfect levels. This causes extreme alarm fatigue.",Support,Medium,100,À Traiter (Actif),False,PediBP,Pediatrics,2026-03-07 06:30:00,User_023
TIC-1781,Digital exercise prescription application deletes entire patient recovery histories.,"Hello IT, clicking save purges the database table entirely. We are losing months of digital clinical documentation every day.",Bug,Critical,0,Fermé (Redondant / Similaire),True,ExerWipe,Physiotherapy,2026-03-11 06:45:00,User_034
TIC-1782,Physiotherapy scheduling calendar allows massive overlapping of digital appointments.,"Greetings, the software logic ignores the gym capacity limits. Ten patients are electronically booked for the exact same timeslot.",Software,Medium,0,Fermé (Redondant / Similaire),True,GymOverlap,Physiotherapy,2026-03-11 07:00:00,User_067
TIC-1783,Patient home exercise video portal lacks secure HTTPS encryption.,"Hi team, the digital tutorials are streamed over plain text connections. Secure the web server to protect clinical privacy.",Security,High,0,Fermé (Redondant / Similaire),True,VidHTTP,Physiotherapy,2026-03-11 07:15:00,User_082
TIC-1784,Rehabilitation clinic digital assessment tablets cannot resolve DNS addresses.,"Good morning, the local network cannot find the cloud servers. Therapists are completely disconnected from the digital patient charts.",Network,High,0,Fermé (Redondant / Similaire),True,RehabDNS,Physiotherapy,2026-03-11 07:30:00,User_049
TIC-1789,Dialysis department secure wireless network allows unauthorized guest access.,"Good morning, the wifi password was leaked. Unauthorized mobile devices are consuming the digital bandwidth required for medical monitoring.",Security,High,0,Fermé (Redondant / Similaire),True,DialyWifi,Dialysis,2026-03-11 08:45:00,User_027
TIC-1790,Head dialysis technician locked out of the digital logs.,"Dear team, her active directory account expired. She cannot digitally verify the water purification safety records before initiating treatments.",Access,Critical,0,Fermé (Redondant / Similaire),True,TechLog,Dialysis,2026-03-11 09:00:00,User_051
TIC-1791,Electronic birth certificate application auto corrects names into gibberish.,"Hello IT, the software maliciously alters unique baby names. This digital bug completely ruins the official government legal paperwork.",Bug,Medium,0,Fermé (Redondant / Similaire),True,NameDict,Maternity,2026-03-11 09:15:00,User_014
TIC-1792,Central fetal monitoring server drops digital connection to rooms.,"Greetings, the network bridge failed. The nurses at the main desk are entirely blind to the digital heart rhythms.",Network,Critical,0,Fermé (Redondant / Similaire),True,FetalSync,Maternity,2026-03-11 09:30:00,User_088
TIC-1795,Expectant father digital security badge profile denied at doors.,"Dear IT, the electronic access control system rejected the printed barcode. Families are locked out of the secure ward.",Access,High,0,Fermé (Redondant / Similaire),True,DadRFID,Maternity,2026-03-11 10:15:00,User_062
TIC-1765,Volunteer desk coordinator denied access to the wheelchair database.,"Dear IT, her account lacks the necessary read and write permissions. She cannot digitally track the mobility equipment usage.",Access,Medium,0,Fermé (Redondant / Similaire),True,WheelDeny,Reception,2026-03-11 02:45:00,User_008
TIC-1766,Dietary meal planning software ignores severe digital allergy flags.,"Hello team, the algorithmic safety net completely failed. The system authorized a dairy meal for a highly allergic patient.",Bug,Critical,0,Fermé (Redondant / Similaire),True,AllergyFail,Kitchen,2026-03-11 03:00:00,User_099
TIC-1767,Kitchen inventory management database drops connection to the server.,"Greetings, the application cannot reach the backend. The chef is unable to digitally log the daily food supply levels.",Network,Medium,0,Fermé (Redondant / Similaire),True,DietSync,Kitchen,2026-03-11 03:15:00,User_027
TIC-1756,Pediatric dosage calculator application converts digital weights entirely incorrectly.,"Hello team, the software changes pounds to kilograms improperly. This algorithmic flaw suggests lethal medication doses for the infants.",Bug,Critical,0,Fermé (Redondant / Similaire),True,PediDose,Pediatrics,2026-03-11 00:30:00,User_055
TIC-1757,Infant security tag monitoring web portal throws database exception.,"Greetings, the digital dashboard crashed completely. The nursing station cannot monitor the electronic locations of the newborns currently today.",Error,High,0,Fermé (Redondant / Similaire),True,BabyDash,Pediatrics,2026-03-11 00:45:00,User_012
TIC-1758,Pediatric ward guest wireless network lacks content filtering completely.,"Hi IT, the proxy restrictions failed. Children using the clinical tablets can access highly inappropriate digital content without restriction.",Security,High,0,Fermé (Redondant / Similaire),True,PediGuest,Pediatrics,2026-03-11 01:00:00,User_093
TIC-1759,Neonatal intensive care digital charting application loses server sync.,"Good morning, the local application cannot ping the database. The electronic vital sign records are not saving properly today.",Network,Critical,0,Fermé (Redondant / Similaire),True,NICUSync,Pediatrics,2026-03-11 01:15:00,User_034
TIC-1760,Night shift pediatric nurse locked out of the dispenser.,"Dear team, her digital profile was removed from the pharmacy system. She cannot authorize the electronic release of medications.",Access,High,0,Fermé (Redondant / Similaire),True,NurseLock,Pediatrics,2026-03-11 01:30:00,User_067
TIC-1799,Electron microscope imaging workstation loses network connection to storage.,"Good morning, the massive digital files timeout during the transfer. The dedicated data network switch requires an immediate reboot.",Network,Critical,0,Fermé (Redondant / Similaire),True,MicroNet,Pathology,2026-03-11 11:15:00,User_071
TIC-1800,Chief medical examiner denied digital signature authorization rights entirely.,"Dear team, her cryptographic token was revoked. She cannot electronically sign off on the urgent biopsy results for surgeons.",Access,High,0,Fermé (Redondant / Similaire),True,ChiefSign,Pathology,2026-03-11 11:30:00,User_055
TIC-1805,Clinic manager account locked out of the billing module.,"Dear IT, her active directory permissions were inexplicably downgraded. She cannot digitally process the financial refunds for the patients.",Access,Medium,0,Fermé (Redondant / Similaire),True,BillLock,Outpatient Clinic,2026-03-11 12:45:00,User_082
TIC-0517,Intravenous solution compounding software calculates incorrect diluent volumes for pediatric patients.,"The system is telling technicians to add too much sterile water to the active drugs. We caught the error, but the compounding algorithm needs urgent correction.",Software,Critical,0,Fermé (Redondant / Similaire),True,IVSafe,Pharmacy,2026-02-24 16:00:00,User_099
TIC-1601,Rehabilitation therapist denied access to the aquatic pool.,"Dear IT, her electronic badge flashes red at the door. She cannot enter the secure area to conduct underwater treadmill sessions.",Bug,Critical,0,Fermé (Redondant / Similaire),True,BloodGasOS,ER,2026-03-07 09:00:00,User_042
TIC-1605,Clinic waiting room information display television buzzing loudly.,"Hello IT. The screen is totally black, and the speakers emit a terrifying electrical noise. We need this hardware physically replaced.",Support,Medium,0,Fermé (Redondant / Similaire),True,SutureScan,ER,2026-03-07 10:00:00,User_004
TIC-1606,Emergency room triage application routing logic drops network packets.,"Hello team, the virtual private network tunnel is failing. Remote attending physicians cannot access the digital intake system securely.",Network,Critical,0,Fermé (Redondant / Similaire),True,TriageNet,ER,2026-03-10 12:00:00,User_042
TIC-1607,Fast track clinical charting software throws a database exception.,"Greetings, the application throws a java runtime error. We cannot save the digital patient encounter notes into the system.",Error,High,0,Fermé (Redondant / Similaire),True,FastChart,ER,2026-03-10 12:15:00,User_015
TIC-1608,Emergency department digital whiteboard web interface lacks basic encryption.,"Hi IT, the local website uses HTTP instead of HTTPS. Anyone on the network can intercept patient data easily.",Security,Critical,0,Fermé (Redondant / Similaire),True,BoardWeb,ER,2026-03-10 12:30:00,User_088
TIC-1613,Echocardiogram digital archiving server vulnerable to SQL injection attacks.,"Hi team, the search bar on the web portal allows arbitrary code execution. Please sanitize the database query inputs.",Security,Critical,0,Fermé (Redondant / Similaire),True,EchoArch,Cardiology,2026-03-10 13:45:00,User_012
TIC-1565,Patient portal messaging system routes replies to strangers.,"Hello IT. A doctor answered a private clinical question, but the database sent the response to the wrong user account entirely.",Bug,Critical,0,Fermé (Redondant / Similaire),True,DyePump,Radiology,2026-03-07 00:00:00,User_088
TIC-1568,Surgical microscope foot control pedal is entirely unresponsive.,Hi IT. The USB wire is damaged. The surgeon cannot adjust the optical focus without breaking sterility by using their hands.,Software,High,0,Fermé (Redondant / Similaire),True,CamExport,Lab,2026-03-07 00:45:00,User_062
TIC-1569,Intravenous compounding software calculates incorrect normal saline dilutions.,Greetings. The mathematical engine is requesting way too much fluid. The resulting medication mixture would be completely useless for the patient.,Bug,Medium,0,Fermé (Redondant / Similaire),True,ReflexApp,Neurology,2026-03-07 01:00:00,User_023
TIC-1136,Pediatric ward electronic door keypad uses factory default code.,"Good morning, anyone typing one two three four can open the secure ward. Change the security PIN code immediately.",Support,Critical,0,Fermé (Redondant / Similaire),True,TractMotor,Physiotherapy,2026-03-03 02:45:00,User_019
TIC-0967,Automated supply ordering script duplicates every outgoing purchase order.,"The system is buying double the necessary medical supplies, threatening to immediately exhaust our entire monthly operational budget.",Bug,Critical,0,Fermé (Redondant / Similaire),True,AutoBuy,Stock,2026-03-01 08:30:00,User_004
TIC-0972,License plate recognition software reads every number completely backward.,"The optical character tool is corrupted, denying entry to all prepaid monthly physicians. We opened the gates manually.",Software,Medium,0,Fermé (Redondant / Similaire),True,PlateOCR,Car park,2026-03-01 09:45:00,User_071
TIC-1144,Digital microscope camera lens refuses to focus on slides.,"Greetings, the motorized autofocus is physically jammed. The pathologist cannot capture the necessary images to diagnose the cancer biopsy.",Bug,Medium,0,Fermé (Redondant / Similaire),True,MixCheck,Pharmacy,2026-03-03 04:45:00,User_031
TIC-1561,Rehabilitation billing software applies incorrect massage therapy codes.,"Dear IT, the system is linking aquatic treatments to the wrong financial identifiers. This will cause massive insurance claim rejections soon.",Support,Medium,0,Fermé (Redondant / Similaire),True,CastHeat,ER,2026-03-06 23:00:00,User_099
TIC-1563,Expectant father temporary barcode badge denied at doors.,Hi there. The secure perimeter scanners reject the printed passes. Families are unable to access the delivery ward to support mothers.,Access,Critical,0,Fermé (Redondant / Similaire),True,CauteryErr,Surgery,2026-03-06 23:30:00,User_051
TIC-1564,Tissue slide scanning software misaligns the optical stitching.,Greetings. The rendering engine creates fake cellular structures by combining the microscopic images improperly. This destroys the accuracy of cancer diagnoses.,Bug,High,0,Fermé (Redondant / Similaire),True,ScaleWifi,Pharmacy,2026-03-06 23:45:00,User_014
TIC-0989,Newborn hearing screening device fails to upload results securely.,"The tablet transmits the diagnostic files over the network without any encryption, violating strict pediatric privacy laws entirely.",Security,High,0,Fermé (Redondant / Similaire),True,HearUpload,Maternity,2026-03-01 14:00:00,User_004
TIC-0992,Voice dictation software entirely deletes dictated tumor measurement numbers.,"The artificial intelligence engine transcribes words accurately but strips out all mathematical digits, completely ruining the final reports.",Software,High,0,Fermé (Redondant / Similaire),True,DictateNum,Pathology,2026-03-01 14:45:00,User_042
TIC-0993,Pathology fume hood digital airflow sensor drops network connection.,We cannot verify if the ventilation is actively removing toxic formaldehyde gas from the laboratory environment. Check switches.,Network,High,0,Fermé (Redondant / Similaire),True,HoodSensor,Pathology,2026-03-01 15:00:00,User_015
TIC-0995,Chief medical examiner locked out of the digital signature tool.,She cannot finalize the diagnostic reports because her software token expired without sending an automated renewal warning email.,Access,High,0,Fermé (Redondant / Similaire),True,TokenExpire,Pathology,2026-03-01 15:30:00,User_055
TIC-1614,Cardiology teleconference application drops the digital audio feed continuously.,"Good morning, the network routing protocol is terminating the voice packets. Remote consultations with patients are completely impossible today.",Network,High,0,Fermé (Redondant / Similaire),True,TeleCardio,Cardiology,2026-03-10 14:00:00,User_093
TIC-1615,Visiting cardiovascular surgeon denied digital access to clinical records.,"Dear IT, the single sign on system rejects his credentials. He cannot review the electronic charts before his operations.",Access,Medium,0,Fermé (Redondant / Similaire),True,SSOCardio,Cardiology,2026-03-10 14:15:00,User_034
TIC-1616,Surgical scheduling web portal displays a completely blank interface.,"Hello team, the frontend framework failed to load. The coordinators cannot view the digital operative calendar on their browsers.",Software,High,0,Fermé (Redondant / Similaire),True,SurgiWeb,Surgery,2026-03-10 14:30:00,User_067
TIC-1534,Overnight sleep study cameras suffer massive network buffering.,Greetings. The video feed is lagging by twenty seconds. We cannot accurately match the physical patient twitches with the electrical brainwaves.,Network,High,0,Fermé (Redondant / Similaire),True,DockDoor,Stock,2026-03-06 16:15:00,User_082
TIC-1536,Infant dosage calculator converts pounds to kilograms improperly.,Dear team. The math logic is broken and suggests dangerously low amounts of liquid antibiotics for our heavier pediatric patient cases.,Software,Critical,0,Fermé (Redondant / Similaire),True,CryoChamber,Physiotherapy,2026-03-06 16:45:00,User_019
TIC-1541,Wearable joint mobility sensors fail to establish bluetooth.,"Dear IT, the wireless hardware cannot pair with the clinical tablets. Therapists are unable to track the progress of recovering patients.",Software,Critical,0,Fermé (Redondant / Similaire),True,BloodWarm,ER,2026-03-06 18:00:00,User_051
TIC-1543,Newborn registration software auto corrects unique infant names.,Hi there. The application is maliciously changing names into common dictionary words. Parents are furious about the ruined official legal paperwork.,Support,High,0,Fermé (Redondant / Similaire),True,SawDisplay,Surgery,2026-03-06 18:30:00,User_088
TIC-1547,Electrocardiogram reporting module erases physician notes upon saving.,"Good morning. The doctors type their interpretations, but clicking the submit button wipes the text box entirely clean. Data is lost.",Bug,Medium,0,Fermé (Redondant / Similaire),True,BandPrint,Admissions,2026-03-06 19:30:00,User_023
TIC-1175,Chemotherapy scheduling app deletes recurring appointments without any warning.,"Dear IT, cancer patients are arriving for treatments that vanished from our digital calendar entirely. Fix the database immediately.",Network,Critical,0,Fermé (Redondant / Similaire),True,ClearNet,Car park,2026-03-03 12:30:00,User_093
TIC-1181,Rehabilitation clinic wearable motion sensors drop bluetooth connections constantly.,"Hello, the tablets cannot maintain a link with the hardware. We cannot record the joint mobility data for patients.",Network,High,0,Fermé (Redondant / Similaire),True,NTPClock,ER,2026-03-03 14:00:00,User_076
TIC-1182,Dialysis shift scheduling tool assigns untrained nurses to machines.,"Dear IT, the application ignores the staff certification tags in the database. This is a severe patient safety violation.",Error,Critical,0,Fermé (Redondant / Similaire),True,RAIDFail,Cardiology,2026-03-03 14:15:00,User_008
TIC-1183,Electronic birth certificate generator auto corrects unique baby names.,"Hello IT, the software changes names to common dictionary words aggressively. Parents are furious about the ruined legal documents.",Access,High,0,Fermé (Redondant / Similaire),True,FridgeLog,Surgery,2026-03-03 14:30:00,User_099
TIC-1621,Pharmacy inventory database API returns a fatal syntax error.,"Hello IT, the digital interface cannot communicate with our vendor. We cannot submit the automated electronic medication purchase orders.",Error,High,0,Fermé (Redondant / Similaire),True,PharmAPI,Pharmacy,2026-03-10 15:45:00,User_008
TIC-1622,Drug interaction software completely ignores severe allergy warning flags.,"Greetings, the algorithmic safety net is broken. The application permits prescribing lethal combinations without triggering the mandatory digital alerts.",Software,Critical,0,Fermé (Redondant / Similaire),True,DrugAlert,Pharmacy,2026-03-10 16:00:00,User_099
TIC-1623,Pharmacist active directory password resets fail across the network.,"Hi team, the self service portal sends broken email links. The staff cannot unlock their digital accounts for dispensing.",Access,Medium,0,Fermé (Redondant / Similaire),True,ADReset,Pharmacy,2026-03-10 16:15:00,User_027
TIC-1624,Intravenous compounding software drops local area network connection continuously.,"Good morning, the application cannot ping the server. The digital formulas are completely unavailable for the mixing technicians today.",Network,High,0,Fermé (Redondant / Similaire),True,MixNet,Pharmacy,2026-03-10 16:30:00,User_051
TIC-1629,Mammography digital image transfer protocol times out over VPN.,"Good morning, remote radiologists cannot download the files. The virtual private network bandwidth is severely throttled and dropping packets.",Network,High,0,Fermé (Redondant / Similaire),True,MammoVPN,Radiology,2026-03-10 17:45:00,User_062
TIC-1630,Night shift radiology technician denied access to scheduling application.,"Dear team, her digital profile was downgraded accidentally. She cannot view the electronic appointments for the incoming emergency patients.",Access,Medium,0,Fermé (Redondant / Similaire),True,RadSched,Radiology,2026-03-10 18:00:00,User_023
TIC-1631,Intensive care clinical dashboard calculates incorrect fluid balance metrics.,"Hello IT, the software math logic is entirely backward. The digital charts show patients retaining massive amounts of fluids.",Bug,Critical,0,Fermé (Redondant / Similaire),True,FluidDash,ICU,2026-03-10 18:15:00,User_042
TIC-1632,Central telemetry web portal throws a persistent java exception.,"Greetings, the application server crashed completely. Nurses cannot digitally monitor the patient heart rhythms from the main desk computers.",Error,High,0,Fermé (Redondant / Similaire),True,TeleWeb,ICU,2026-03-10 18:30:00,User_015
TIC-1637,Insurance verification API integration drops the secure network connection.,"Greetings, the digital handshake with the national database fails constantly. We cannot verify patient financial coverage securely today completely.",Network,High,0,Fermé (Redondant / Similaire),True,VerifyAPI,Admissions,2026-03-10 19:45:00,User_034
TIC-1638,Demographic database allows unauthorized digital exports of patient lists.,"Hi IT, any standard user can download the entire hospital registry. We must restrict digital data exporting immediately please.",Security,Critical,0,Fermé (Redondant / Similaire),True,DemogExport,Admissions,2026-03-10 20:00:00,User_067
TIC-1639,Admissions digital intake form erases all emergency contact fields.,"Good morning, the software bug purges the phone numbers upon saving. The electronic records are left without critical contacts.",Bug,Medium,0,Fermé (Redondant / Similaire),True,ContactWipe,Admissions,2026-03-10 20:15:00,User_082
TIC-1640,Front desk clerk account locked by automated security policy.,"Dear team, she triggered a false positive intrusion alert. The system completely disabled her active directory profile for admissions.",Access,High,0,Fermé (Redondant / Similaire),True,ClerkLock,Admissions,2026-03-10 20:30:00,User_049
TIC-1094,Pathology report database fails to generate signed PDF documents.,The software throws a rendering exception when doctors attempt to finalize their findings for the waiting surgical teams.,Error,Medium,0,Fermé (Redondant / Similaire),True,PDFGen,Pathology,2026-03-02 16:15:00,User_071
TIC-1096,Clinic manager denied access to patient billing dispute module.,"Her administrative profile was accidentally downgraded, preventing her from resolving pending financial claims for the entire outpatient department.",Access,Medium,0,Fermé (Redondant / Similaire),True,BillDeny,Outpatient Clinic,2026-03-02 16:45:00,User_012
TIC-1097,Appointment reminder system texts patients at three morning hours.,"The timezone logic is broken, causing the automated system to wake up our elderly patients in the night.",Bug,Medium,0,Fermé (Redondant / Similaire),True,TextTime,Outpatient Clinic,2026-03-02 17:00:00,User_093
TIC-1102,Cardiology treadmill speed controller ignores digital stop commands.,The hardware refuses to halt when the software button is pressed. This mechanical disconnect is highly dangerous.,Bug,High,0,Fermé (Redondant / Similaire),True,TreadOS,Cardiology,2026-03-02 18:15:00,User_045
TIC-1103,Oncology radiation therapy console denies access to the oncologist.,The physician cannot initiate the scheduled tumor treatment because her biometric profile was mysteriously wiped today completely.,Software,High,0,Fermé (Redondant / Similaire),True,SurgiPlan,Surgery,2026-03-02 18:30:00,User_088
TIC-1104,Pediatric ward infant security bracelets unlatch without triggering alarms.,The physical clasps are defective on the new batch of tags. Babies could be moved without alerting.,Support,Critical,0,Fermé (Redondant / Similaire),True,RoboDispense,Pharmacy,2026-03-02 18:45:00,User_023
TIC-0983,Patient recliner chair electronic adjustment controls spark and smoke.,"The wiring harness short circuited, terrifying the patient. We unplugged the chair and need an immediate replacement unit.",Support,High,0,Fermé (Redondant / Similaire),True,ChairWire,Dialysis,2026-03-01 12:30:00,User_099
TIC-1488,Central dashboard calculates completely incorrect fluid removal target metrics.,"Greetings, the math engine is corrupted. Following these numbers would severely dehydrate our highly vulnerable kidney failure patients.",Network,Critical,0,Fermé (Redondant / Similaire),True,FetalDrop,Maternity,2026-03-05 19:30:00,User_011
TIC-1493,Epidural infusion pump ignores the maximum programmed dosage limits.,"Greetings, the safety guardrails failed. The software allows lethal flow rates without throwing a hard stop error message.",Bug,Critical,0,Fermé (Redondant / Similaire),True,SlideDistort,Pathology,2026-03-05 20:45:00,User_059
TIC-1494,Central fetal monitoring display loses connection to delivery rooms.,"Good morning, we are totally blind. The access point dropped, and we cannot see the baby heart rates.",Error,High,0,Fermé (Redondant / Similaire),True,FumeCrash,Pathology,2026-03-05 21:00:00,User_021
TIC-1499,Tissue slide scanner application stitches the high resolution images improperly.,"Good morning, the rendering engine misaligns the cellular structures. This ruins the diagnostic capability for the examining pathologists.",Support,Medium,0,Fermé (Redondant / Similaire),True,TeleCam,Outpatient Clinic,2026-03-05 22:15:00,User_091
TIC-1500,Chief medical examiner locked out of the digital signatures.,"Dear team, her cryptographic token expired. She cannot legally finalize the urgent biopsy reports for the surgical oncology teams.",Software,High,0,Fermé (Redondant / Similaire),True,TextWake,Outpatient Clinic,2026-03-05 22:30:00,User_048
TIC-1501,Automated appointment reminder system sends SMS texts at midnight.,"Hello IT, the timezone configuration is entirely broken. The software is waking up elderly patients in the night.",Bug,High,0,Fermé (Redondant / Similaire),True,ShowerOS,ER,2026-03-06 08:00:00,User_042
TIC-1503,Patient portal messaging application routes replies to wrong users.,"Greetings, a doctor answered a private question, but the software sent it to a stranger. This is catastrophic.",Error,Critical,0,Fermé (Redondant / Similaire),True,LaserCalc,Surgery,2026-03-06 08:30:00,User_088
TIC-1504,Waiting room digital queue display television shows a blue screen.,"Good morning, the computer driving the monitor crashed hard. The lobby is chaotic because nobody knows their numbers.",Access,High,0,Fermé (Redondant / Similaire),True,MixRobot,Pharmacy,2026-03-06 08:45:00,User_023
TIC-1645,Locum laboratory technician denied access to the digital archives.,"Dear IT, his profile lacks the necessary security group permissions. He cannot retrieve the digital records of previous biopsies.",Access,Medium,0,Fermé (Redondant / Similaire),True,LocumArch,Lab,2026-03-10 21:45:00,User_027
TIC-1646,Deep brain stimulator programming application calculates incorrect voltage limits.,"Hello team, the software algorithm is flawed. It recommends dangerous digital parameters that could severely harm our neurology patients.",Bug,Critical,0,Fermé (Redondant / Similaire),True,StimVolt,Neurology,2026-03-10 22:00:00,User_051
TIC-1647,Electroencephalogram data viewing software freezes during long video playback.,"Greetings, the application completely locks up. Doctors cannot synchronize the digital brainwaves with the clinical video of the seizures.",Software,Medium,0,Fermé (Redondant / Similaire),True,EEGView,Neurology,2026-03-10 22:15:00,User_014
TIC-1648,Stroke alert mobile application drops push notifications entirely randomly.,"Hi IT, the digital routing logic is failing. Neurologists are not receiving the urgent electronic alerts for incoming emergencies.",Network,Critical,0,Fermé (Redondant / Similaire),True,StrokePush,Neurology,2026-03-10 22:30:00,User_088
TIC-0486,Labor and delivery ward centralized fetal monitoring board lost all wireless signals.,We are flying blind. We cannot see the heart rates of the babies in any of the ten labor rooms from the main desk. Restart the routers.,Network,Critical,0,Fermé (Redondant / Similaire),True,FetalBoard,Maternity,2026-02-24 08:15:00,User_014
TIC-1653,Oncology electronic prescribing gateway fails SSL certificate validation check.,"Hi team, the secure sockets layer is expired. Browsers are blocking the digital transmission of highly sensitive cancer prescriptions.",Security,Critical,0,Fermé (Redondant / Similaire),True,OncoSSL,Oncology,2026-03-10 23:45:00,User_042
TIC-1654,Tumor registry export tool drops the network connection continuously.,"Good morning, the large digital files timeout during transfer. We cannot submit the mandatory clinical statistics to the government.",Network,High,0,Fermé (Redondant / Similaire),True,TumorNet,Oncology,2026-03-11 00:00:00,User_015
TIC-1655,Visiting oncologist lacks permission to view the digital pathology.,"Dear IT, the guest active directory role restricts imaging access. He cannot review the electronic biopsy slides for patients.",Access,Medium,0,Fermé (Redondant / Similaire),True,VisitPath,Oncology,2026-03-11 00:15:00,User_071
TIC-1661,Main hospital directory application search algorithm returns completely blank.,"Hello IT, the digital index is corrupted. Searching for any physician yields zero results on the public web interface.",Bug,Low,0,Fermé (Redondant / Similaire),True,DirBlank,Reception,2026-03-11 01:45:00,User_082
TIC-1662,Visitor management web portal displays a fatal runtime error.,"Greetings, the application crashed hard. We cannot digitally register incoming family members at the main front desk currently today.",Error,Medium,0,Fermé (Redondant / Similaire),True,VisError,Reception,2026-03-11 02:00:00,User_049
TIC-1663,Reception area digital queue application calculates wait times poorly.,"Hi team, the software logic tells patients to wait five hours. This digital bug is causing massive lobby frustration.",Software,Low,0,Fermé (Redondant / Similaire),True,QueueBug,Reception,2026-03-11 02:15:00,User_019
TIC-1664,Public wireless internet gateway portal allows unauthenticated network bypassing.,"Good morning, visitors can access the internet without accepting the digital terms of service. Secure the network captive portal.",Security,High,0,Fermé (Redondant / Similaire),True,WifiBypass,Reception,2026-03-11 02:30:00,User_076
TIC-0584,Dialysis shift scheduling software assigns completely unqualified staff to the complex patients.,The algorithm is completely ignoring the nursing skill level tags in the database. It assigned a brand new trainee to a highly unstable patient alone. Fix the scheduling logic.,Software,Critical,0,Fermé (Redondant / Similaire),True,ShiftLogic,Dialysis,2026-02-25 08:45:00,User_027
TIC-0590,Electronic birth certificate generation software completely misspells the selected baby names constantly.,The application is auto-correcting unique names into entirely different common words without any warning. Parents are incredibly upset at the errors on their official documents. Disable the auto-correct feature.,Software,Medium,0,Fermé (Redondant / Similaire),True,BirthCert,Maternity,2026-02-25 10:15:00,User_062
TIC-1478,License plate recognition software confuses letters with numbers completely.,"Greetings, the optical reader thinks O is zero. It denies entry to all our prepaid monthly physician parkers.",Network,Medium,0,Fermé (Redondant / Similaire),True,MotionPair,Physiotherapy,2026-03-05 17:00:00,User_081
TIC-1196,Pediatric dosage calculator applies incorrect weight conversion formulas completely.,"Dear IT, the application calculates pounds instead of kilograms. This mathematical flaw could cause severe infant medication overdoses today.",Software,Critical,0,Fermé (Redondant / Similaire),True,NoteDelete,Physiotherapy,2026-03-03 17:45:00,User_012
TIC-1203,Epidural medication pump interface ignores the maximum dosage guardrails.,"Dear IT, the software allows lethal flow rates without triggering safety alerts. Take this machine offline immediately for patching.",Security,Critical,0,Fermé (Redondant / Similaire),True,WifiGuest,Surgery,2026-03-03 19:30:00,User_088
TIC-1482,Wearable gait tracking sensors completely fail to pair via bluetooth.,"Hi team, the tablets cannot connect to the hardware. We cannot record joint mobility data for recovering patients.",Bug,Critical,0,Fermé (Redondant / Similaire),True,FluidTarget,Dialysis,2026-03-05 18:00:00,User_092
TIC-1486,Hemodialysis machine touch screen freezes during the cleaning cycle.,"Hello, the application locked up entirely. We cannot complete the mandatory sterilization process before the next patient arrives.",Error,Critical,0,Fermé (Redondant / Similaire),True,PumpFreeze,Maternity,2026-03-05 19:00:00,User_053
TIC-1669,Dietary purchasing portal transmits vendor passwords in plain text.,"Good morning, the digital connection lacks secure encryption. We must implement secure sockets layer protocols for the external orders.",Security,Critical,0,Fermé (Redondant / Similaire),True,DietSec,Kitchen,2026-03-11 03:45:00,User_014
TIC-1670,Newly hired dietician locked out of the nutritional application.,"Dear team, her active directory account was never assigned the correct clinical roles. She cannot edit digital patient diets.",Access,High,0,Fermé (Redondant / Similaire),True,DietRole,Kitchen,2026-03-11 04:00:00,User_088
TIC-1671,Supply chain forecasting software calculates negative inventory requirements entirely.,"Hello IT, the math engine is completely broken. The digital algorithm recommends returning essential surgical supplies to the vendor.",Bug,High,0,Fermé (Redondant / Similaire),True,StockMath,Stock,2026-03-11 04:15:00,User_031
TIC-1672,Warehouse inventory database API throws a fatal timeout exception.,"Greetings, the digital integration with our suppliers is down. We cannot electronically transmit the daily bulk medical purchase orders.",Error,Critical,0,Fermé (Redondant / Similaire),True,StockAPI,Stock,2026-03-11 04:30:00,User_004
TIC-1677,Automated exit barrier software network module drops IP addresses.,"Greetings, the payment system loses internet connectivity entirely. It cannot digitally verify credit card transactions with the external banks.",Network,Critical,0,Fermé (Redondant / Similaire),True,ExitNet,Car park,2026-03-11 05:45:00,User_071
TIC-1678,Car park validation web portal vulnerable to script injection.,"Hi IT, malicious javascript can be executed in the search fields. Please patch the digital vulnerability on the server.",Security,High,0,Fermé (Redondant / Similaire),True,ParkXSS,Car park,2026-03-11 06:00:00,User_055
TIC-1679,License plate recognition application completely reverses alphabetical text characters.,"Good morning, the optical character software is corrupted. It digitally misreads every authorized physician license plate, denying them entry.",Software,Medium,0,Fermé (Redondant / Similaire),True,PlateOCR,Car park,2026-03-11 06:15:00,User_012
TIC-1680,Parking management supervisor account locked by brute force attack.,"Dear team, an external IP attempted to guess her password. The system disabled her active directory digital profile automatically.",Access,High,0,Fermé (Redondant / Similaire),True,ParkLock,Car park,2026-03-11 06:30:00,User_093
TIC-1685,Student physiotherapist denied access to the digital billing module.,"Dear IT, his temporary profile restricts financial application usage. He cannot electronically log the required insurance codes for sessions.",Access,Medium,0,Fermé (Redondant / Similaire),True,BillStudent,Physiotherapy,2026-03-11 07:45:00,User_019
TIC-1469,Walk in freezer digital temperature sensors drop off wifi.,"Good morning, we cannot prove the meat is stored safely. The wireless signal cannot penetrate the thick doors.",Network,High,0,Fermé (Redondant / Similaire),True,ScanShelf,Stock,2026-03-05 14:45:00,User_024
TIC-1204,Digital microscope software stitches high resolution images together incorrectly.,"Hello IT, the rendering tool misaligns the cell structures. Pathologists cannot diagnose the cancer biopsies with these distorted pictures.",Support,Medium,0,Fermé (Redondant / Similaire),True,TubeSync,Pharmacy,2026-03-03 19:45:00,User_023
TIC-0900,Outpatient clinic waiting room display screen suffers a complete failure.,The television monitor is completely black and emits a loud buzzing sound. It requires a total hardware replacement.,Support,Low,0,Fermé (Redondant / Similaire),True,TVFailure,Outpatient Clinic,2026-02-28 15:45:00,User_082
TIC-1436,Demographic intake portal deletes patient phone numbers upon saving.,"Hello, clicking submit completely erases the contact fields. We have no way to call families in an emergency.",Access,Medium,0,Fermé (Redondant / Similaire),True,MicroPerm,Lab,2026-03-05 06:30:00,User_091
TIC-0600,Electronic prescription gateway completely fails to connect to external community pharmacy networks.,"We cannot send any medication orders out of the clinic today. The external routing servers are completely unreachable, forcing doctors to write everything on paper entirely by hand again.",Network,High,0,Fermé (Redondant / Similaire),True,eRxDrop,Outpatient Clinic,2026-02-25 12:45:00,User_082
TIC-1256,Neonatal incubator digital thermostat throws a fatal exception entirely.,"Hello team, the controller crashed and the heating element halted entirely. This is an absolute clinical emergency today.",Software,High,0,Fermé (Redondant / Similaire),True,CodeMatch,Physiotherapy,2026-03-04 08:45:00,User_082
TIC-1080,Aquatic therapy pool digital chemical monitor shows fatal error.,"The system shut down entirely, preventing us from verifying the chlorine levels. We cannot safely use the pool.",Error,High,0,Fermé (Redondant / Similaire),True,PoolChem,Physiotherapy,2026-03-02 12:45:00,User_019
TIC-1086,Newborn hearing screening device battery fails to hold charge.,"The tablet dies instantly when unplugged, making it impossible to perform the mandatory tests quietly at the bedside.",Support,Medium,0,Fermé (Redondant / Similaire),True,HearBat,Maternity,2026-03-02 14:15:00,User_014
TIC-1087,Central fetal monitoring board displays a fatal graphical exception.,"The heart rate tracings are visually scrambled, destroying our ability to monitor the babies for distress. Restart system.",Error,Critical,0,Fermé (Redondant / Similaire),True,FetalErr,Maternity,2026-03-02 14:30:00,User_088
TIC-1089,Birth certificate generation software entirely misspells common baby names.,"The aggressive auto-correct feature changes names to random dictionary words, angering parents and ruining the official legal documents.",Software,Medium,0,Fermé (Redondant / Similaire),True,NameFix,Maternity,2026-03-02 15:00:00,User_004
TIC-1091,Digital tissue slide scanner software stitches images together incorrectly.,"The microscopic pictures are misaligned, creating fake cellular structures that confuse the pathologists during their critical cancer diagnoses.",Bug,Critical,0,Fermé (Redondant / Similaire),True,StitchBug,Pathology,2026-03-02 15:30:00,User_023
TIC-1000,Clinic manager denied access to the daily billing dispute queue.,Her account permissions were inexplicably downgraded overnight. She cannot resolve the pending financial claims for the clinic today.,Access,Medium,0,Fermé (Redondant / Similaire),True,DisputeQueue,Outpatient Clinic,2026-03-01 16:45:00,User_082
TIC-1686,Dialysis fluid calculation software recommends lethal ultrafiltration removal targets.,"Hello team, the mathematical algorithm is severely broken. Following these digital metrics would catastrophically dehydrate our vulnerable kidney patients.",Bug,Critical,0,Fermé (Redondant / Similaire),True,DialyMath,Dialysis,2026-03-11 08:00:00,User_076
TIC-1687,Central nursing dashboard web application throws an SQL exception.,"Greetings, the backend database crashed. We cannot digitally monitor the live blood pressure trends for the entire treatment floor.",Error,High,0,Fermé (Redondant / Similaire),True,DialySQL,Dialysis,2026-03-11 08:15:00,User_008
TIC-1688,Patient shift scheduling database assigns unqualified nurses to machines.,"Hi IT, the software ignores certification tags completely. It digitally pairs untrained staff with the most unstable dialysis patients.",Software,Critical,0,Fermé (Redondant / Similaire),True,NurseTag,Dialysis,2026-03-11 08:30:00,User_099
TIC-1691,Electronic birth certificate application auto corrects names into gibberish.,"Hello IT, the software maliciously alters unique baby names. This digital bug completely ruins the official government legal paperwork.",Bug,Medium,0,Fermé (Redondant / Similaire),True,NameDict,Maternity,2026-03-11 09:15:00,User_014
TIC-1693,Maternity ward infant tracking database allows unauthenticated web access.,"Hi team, a firewall error exposed the digital dashboard. Anyone on the hospital network can view the baby locations.",Security,Critical,0,Fermé (Redondant / Similaire),True,BabyDB,Maternity,2026-03-11 09:45:00,User_031
TIC-1694,Epidural medication dosage calculator applies incorrect mathematical conversion factors.,"Good morning, the software logic is severely flawed. The digital application is recommending dangerous flow rates for laboring mothers.",Software,Critical,0,Fermé (Redondant / Similaire),True,EpiMath,Maternity,2026-03-11 10:00:00,User_004
TIC-1280,Parking validation web portal lacks secure HTTPS encryption protocols today.,"Dear IT, credit card data is transmitting in plain text across the internet. Install the secure certificates immediately.",Security,Critical,0,Fermé (Redondant / Similaire),True,VideoClear,Outpatient Clinic,2026-03-04 14:45:00,User_019
TIC-1283,Wearable patient motion tracking sensors fail bluetooth pairing process entirely.,"Greetings, the tablets refuse to connect to the hardware. We cannot record joint mobility angles during physical rehabilitation.",Network,High,0,Fermé (Redondant / Similaire),True,CabSwitch,Surgery,2026-03-04 15:30:00,User_099
TIC-0647,Neurology cognitive test software freezing on final question.,"The tablet application locks up right before calculating the patient's dementia score, losing all data.",Software,High,0,Fermé (Redondant / Similaire),True,CogApp,Neurology,2026-02-26 00:30:00,User_023
TIC-0632,Inventory scanner transmitting stock levels over unencrypted radio frequencies.,The older warehouse barcode guns are broadcasting our supply data without any encryption protocols active.,Security,Medium,0,Fermé (Redondant / Similaire),True,RFScanner,Stock,2026-02-25 20:45:00,User_034
TIC-1695,Expectant father digital security badge profile denied at doors.,"Dear IT, the electronic access control system rejected the printed barcode. Families are locked out of the secure ward.",Access,High,0,Fermé (Redondant / Similaire),True,DadRFID,Maternity,2026-03-11 10:15:00,User_062
TIC-1696,Digital tissue slide rendering engine misaligns the optical stitching.,"Hello team, the software combines the images incorrectly. This digital distortion completely destroys the pathologist's ability to diagnose cancer.",Bug,Critical,0,Fermé (Redondant / Similaire),True,PathoRender,Pathology,2026-03-11 10:30:00,User_023
TIC-1701,Outpatient appointment reminder software sends text messages at midnight.,"Hello IT, the digital timezone logic is completely broken. The automated system is waking up elderly patients every night.",Bug,Medium,0,Fermé (Redondant / Similaire),True,SMSBug,Outpatient Clinic,2026-03-11 11:45:00,User_012
TIC-1702,Telehealth video consultation portal drops the digital audio streams.,"Greetings, the network router terminates the voice packets entirely. Doctors cannot hear their remote patients during the online sessions.",Network,High,0,Fermé (Redondant / Similaire),True,TeleDrop,Outpatient Clinic,2026-03-11 12:00:00,User_093
TIC-1703,Electronic prescription gateway integration returns a fatal server timeout.,"Hi team, the digital connection to external pharmacies failed. We cannot electronically transmit any patient medication orders currently today.",Error,Critical,0,Fermé (Redondant / Similaire),True,eRxTime,Outpatient Clinic,2026-03-11 12:15:00,User_034
TIC-1704,Patient portal messaging database routes private replies to strangers.,"Good morning, the routing algorithm is corrupted. A doctor's digital response was sent to the wrong patient account entirely.",Security,Critical,0,Fermé (Redondant / Similaire),True,MsgRoute,Outpatient Clinic,2026-03-11 12:30:00,User_067
TIC-1705,Clinic manager account locked out of the billing module.,"Dear IT, her active directory permissions were inexplicably downgraded. She cannot digitally process the financial refunds for the patients.",Access,Medium,0,Fermé (Redondant / Similaire),True,BillLock,Outpatient Clinic,2026-03-11 12:45:00,User_082
TIC-1709,Trauma tracking application calculates patient wait times completely incorrectly.,"Good morning, the software algorithm adds twelve hours to every arrival. The digital triage queue is completely disorganized today.",Bug,High,0,Fermé (Redondant / Similaire),True,TrackAlg,ER,2026-03-10 12:45:00,User_023
TIC-1710,Charge nurse locked out of the digital bed management portal.,"Dear team, her active directory group policy was altered. She cannot digitally assign the incoming trauma patients to rooms.",Access,High,0,Fermé (Redondant / Similaire),True,BedManage,ER,2026-03-10 13:00:00,User_004
TIC-1711,Electrocardiogram analysis application interface renders fonts entirely unreadable today.,"Hello IT, a cascading style sheet update broke the digital layout. Doctors cannot read the diagnostic measurements on screen.",Software,Medium,0,Fermé (Redondant / Similaire),True,ECGRender,Cardiology,2026-03-10 13:15:00,User_071
TIC-1712,Heart failure prediction algorithm utilizes outdated patient demographic variables.,"Greetings, the software logic pulls the wrong database columns. The digital risk scores are completely inaccurate and clinically dangerous.",Bug,Critical,0,Fermé (Redondant / Similaire),True,PredictOS,Cardiology,2026-03-10 13:30:00,User_055
TIC-0453,Pediatric dosage calculator app on the tablets is converting pounds to kilograms incorrectly.,"The math logic is flawed, leading to severely under-dosed medications for our heavier toddlers. We have banned the use of the tablets until the application is patched.",Software,Critical,0,Fermé (Redondant / Similaire),True,PediDose,Pediatrics,2026-02-24 00:00:00,User_093
TIC-1383,Maternity infant weight scale calculates negative pounds entirely randomly.,"Greetings, the digital conversion logic is ruined. It records newborns as having negative mass. Patch the firmware immediately.",Support,Medium,0,Fermé (Redondant / Similaire),True,ChairSpark,Dialysis,2026-03-05 16:30:00,User_099
TIC-0464,Nutritional label printer is cutting the sticky paper halfway through the barcodes.,The ward nurses cannot scan the meal trays to verify them against patient wristbands because the barcodes are physically mutilated. Recalibrate the printer's automatic cutting blade.,Error,Medium,0,Fermé (Redondant / Similaire),True,LabelCut,Kitchen,2026-02-24 02:45:00,User_014
TIC-1717,Anesthesia digital record software disconnects from the central server.,"Greetings, the network session times out constantly. The digital charts are failing to synchronize during the live operative procedures.",Network,Critical,0,Fermé (Redondant / Similaire),True,AnesthSync,Surgery,2026-03-10 14:45:00,User_082
TIC-1718,Operating room inventory application duplicates all digital usage logs.,"Hi IT, the software logic records every scanned item twice. Our digital stock audits are completely corrupted and useless.",Bug,Medium,0,Fermé (Redondant / Similaire),True,ORStock,Surgery,2026-03-10 15:00:00,User_049
TIC-1719,Surgeon profile completely deleted from the electronic medical database.,"Good morning, his active directory account vanished. He cannot digitally sign his postoperative surgical reports for the patient files.",Access,Critical,0,Fermé (Redondant / Similaire),True,SurgiProfile,Surgery,2026-03-10 15:15:00,User_019
TIC-1720,Surgical department secure cloud storage exposed to public internet.,"Dear team, the digital folder containing sensitive operative videos lacks password protection. Secure the cloud access permissions immediately please.",Security,Critical,0,Fermé (Redondant / Similaire),True,CloudSurg,Surgery,2026-03-10 15:30:00,User_076
TIC-1725,Narcotic vault digital access logs transmitted without any encryption.,"Dear IT, the audit trails are sent over the network in plaintext. We must enforce secure digital transmission protocols.",Security,Critical,0,Fermé (Redondant / Similaire),True,VaultLog,Pharmacy,2026-03-10 16:45:00,User_014
TIC-1726,Picture archiving communication system search index is completely corrupted.,"Hello team, querying a patient ID returns zero results. The digital database requires an immediate backend search index rebuild.",Software,High,0,Fermé (Redondant / Similaire),True,PACSSearch,Radiology,2026-03-10 17:00:00,User_088
TIC-1727,Radiologist voice dictation software fails to parse medical terminology.,"Greetings, the artificial intelligence engine replaces clinical words with gibberish. The digital transcription process is completely halted for doctors.",Bug,Medium,0,Fermé (Redondant / Similaire),True,VoiceAI,Radiology,2026-03-10 17:15:00,User_031
TIC-1728,Radiology department guest network allows access to internal subnets.,"Hi IT, the virtual local area network isolation failed. Public users can digitally ping the highly secure imaging servers.",Security,Critical,0,Fermé (Redondant / Similaire),True,RadGuest,Radiology,2026-03-10 17:30:00,User_004
TIC-1733,Electronic medical record software locks patient charts entirely randomly.,"Hi team, the database incorrectly flags files as currently in use. We cannot digitally update the hourly vital signs.",Software,Medium,0,Fermé (Redondant / Similaire),True,ChartLock,ICU,2026-03-10 18:45:00,User_071
TIC-1734,Bedside digital monitoring nodes drop IP addresses from DHCP.,"Good morning, the network router fails to assign local addresses. The digital machines cannot communicate with the central server.",Network,Critical,0,Fermé (Redondant / Similaire),True,NodeDHCP,ICU,2026-03-10 19:00:00,User_055
TIC-1735,Intensive care visiting physician lacks secure digital chart access.,"Dear IT, the consulting specialist cannot open the electronic records. His temporary domain account requires elevated clinical viewing privileges.",Access,High,0,Fermé (Redondant / Similaire),True,VisitAccess,ICU,2026-03-10 19:15:00,User_012
TIC-1287,Central nursing dashboard calculates incorrect fluid removal targets completely randomly.,"Hi IT, the software math is corrupted. If we follow these digital targets, we will severely dehydrate patients.",Security,Critical,0,Fermé (Redondant / Similaire),True,XSSVuln,Admissions,2026-03-04 16:30:00,User_088
TIC-1288,Patient recliner chair electronic adjustment controls short circuit entirely today.,"Greetings, the internal wiring sparked and smoked. The chair is stuck flat and requires an immediate hardware replacement.",Support,Medium,0,Fermé (Redondant / Similaire),True,LabelSmear,Lab,2026-03-04 16:45:00,User_031
TIC-1294,Expectant fathers denied entry because temporary barcode badges fail entirely.,"Good morning, the security doors do not recognize the printed visitor passes. Families are trapped outside the secure ward.",Security,Critical,0,Fermé (Redondant / Similaire),True,HashFail,Stock,2026-03-04 18:15:00,User_071
TIC-1295,Electronic birth certificate software auto corrects unique names maliciously entirely.,"Dear IT, the application changes names to random dictionary words. Parents are furious about the ruined official documents.",Support,Medium,0,Fermé (Redondant / Similaire),True,TouchDead,Car park,2026-03-04 18:30:00,User_055
TIC-1300,Autopsy report database allows unauthenticated access from the guest wifi.,"Dear IT, a firewall misconfiguration exposed our most sensitive medical portal to the public internet. Secure it instantly.",Access,Medium,0,Fermé (Redondant / Similaire),True,ClerkRole,Outpatient Clinic,2026-03-04 19:45:00,User_082
TIC-1303,Electronic prescription gateway drops connection to national community pharmacies completely.,"Greetings, we cannot transmit medication orders digitally today. The external routing servers are completely unreachable over the internet.",Access,High,0,Fermé (Redondant / Similaire),True,BloodLock,ER,2026-03-04 20:30:00,User_088
TIC-1304,Telehealth video conferencing portal web camera hardware fails to initialize completely.,"Good morning, the USB device throws a driver exception continuously. The physician cannot see patients during remote video consultations.",Error,High,0,Fermé (Redondant / Similaire),True,ECGCore,ER,2026-03-04 20:45:00,User_023
TIC-1305,Appointment reminder system texts patients automatically at three morning hours.,"Dear IT, the timezone logic is entirely broken. The automated software is waking up elderly patients at night.",Security,High,0,Fermé (Redondant / Similaire),True,EMRSecure,ER,2026-03-04 21:00:00,User_004
TIC-0709,Chemotherapy dosage calculator application rounds numbers down incorrectly today.,The software is dropping the decimal values entirely. This mathematical flaw could lead to severe underdosing of medications.,Bug,Critical,0,Fermé (Redondant / Similaire),True,DoseCalc,Oncology,2026-02-26 16:00:00,User_093
TIC-0710,Playroom interactive display screen shattered by a thrown toy.,The sharp glass poses a severe physical safety hazard to the children. Please remove the damaged hardware completely.,Support,Low,0,Fermé (Redondant / Similaire),True,TouchPlay,Pediatrics,2026-02-26 16:15:00,User_034
TIC-0842,Cardiology department echocardiogram server hard drive array completely failed.,We have lost access to all ultrasound videos recorded this week. The redundant storage array is completely offline.,Error,Critical,0,Fermé (Redondant / Similaire),True,RAIDFail,Cardiology,2026-02-28 01:15:00,User_014
TIC-1736,Patient admission web portal displays cascading style sheet errors.,"Hello team, the digital interface is completely unreadable. The text overlaps, making it impossible to register incoming hospital patients.",Software,Low,0,Fermé (Redondant / Similaire),True,AdmitCSS,Admissions,2026-03-10 19:30:00,User_093
TIC-1741,Laboratory information system interface engine parses XML data incorrectly.,"Hello IT, the software bridge scrambles the incoming blood results. The digital values are being mapped to wrong patients.",Error,Critical,0,Fermé (Redondant / Similaire),True,LabXML,Lab,2026-03-10 20:45:00,User_019
TIC-1062,Patient meal ordering system ignores severe peanut allergy warnings.,The software allowed a patient with known anaphylaxis to request a peanut butter sandwich. This bug is lethal.,Software,Critical,0,Fermé (Redondant / Similaire),True,AllergyBug,Kitchen,2026-03-02 08:15:00,User_027
TIC-1742,Chemistry analyzer digital reporting application throws a memory exception.,"Greetings, the software runs out of random access memory. The application crashes before exporting the digital metabolic panel results.",Software,High,0,Fermé (Redondant / Similaire),True,ChemMem,Lab,2026-03-10 21:00:00,User_076
TIC-1743,Microbiology digital culture tracking application vulnerable to script injection.,"Hi team, the web portal allows malicious javascript in the notes field. Secure the application against cross site scripting.",Security,Critical,0,Fermé (Redondant / Similaire),True,CultureXSS,Lab,2026-03-10 21:15:00,User_008
TIC-1744,Blood bank inventory database drops local area network connection.,"Good morning, the server is unreachable. Technicians cannot digitally reserve the necessary trauma blood units for the emergency room.",Network,High,0,Fermé (Redondant / Similaire),True,BankNet,Lab,2026-03-10 21:30:00,User_099
TIC-0819,Pathology voice dictation software completely deletes spoken numerical values.,The application transcribes words perfectly but erases all tumor measurement dimensions automatically. This ruins the final reports.,Software,High,0,Fermé (Redondant / Similaire),True,PathoVoice,Pathology,2026-02-27 19:30:00,User_051
TIC-0800,Telehealth application transmits video streams without point to point encryption.,The remote consultation software is vulnerable to packet sniffing. We must mandate end-to-end encryption for all patient video calls immediately.,Security,Critical,0,Fermé (Redondant / Similaire),True,VideoSniff,Outpatient Clinic,2026-02-27 14:45:00,User_082
TIC-0830,Oncology chemotherapy mixing hood airflow sensors trigger silent alarms.,"The ventilation failed, but the monitoring software only logged the error internally without sounding the external siren.",Bug,Critical,0,Fermé (Redondant / Similaire),True,HoodAlarm,Oncology,2026-02-27 22:15:00,User_012
TIC-1768,Patient electronic menu ordering application displays discontinued food items.,"Hi IT, the database synchronization is broken. Patients are selecting digital meals that we no longer stock in inventory.",Software,Low,0,Fermé (Redondant / Similaire),True,MenuSync,Kitchen,2026-03-11 03:30:00,User_051
TIC-1773,Automated scanning application duplicates all incoming digital pallet logs.,"Hi team, the software records every entry twice. The database shows double the actual physical stock currently in inventory.",Software,Medium,0,Fermé (Redondant / Similaire),True,ScanDupe,Stock,2026-03-11 04:45:00,User_062
TIC-1774,Stockroom management portal exposes user credentials to the intranet.,"Good morning, the web application lacks basic encryption. Internal users can intercept the digital passwords via basic packet sniffing.",Security,Critical,0,Fermé (Redondant / Similaire),True,StockSniff,Stock,2026-03-11 05:00:00,User_023
TIC-1775,Logistics coordinator denied permission to approve digital financial invoices.,"Dear IT, his profile lost the elevated administrative rights required to authorize the electronic payments for the medical supplies.",Access,High,0,Fermé (Redondant / Similaire),True,ApproveDeny,Stock,2026-03-11 05:15:00,User_042
TIC-1776,Parking garage digital capacity algorithm calculates negative available spaces.,"Hello team, the counting software logic is flawed. The electronic signs outside are completely confusing the arriving hospital visitors.",Bug,Low,0,Fermé (Redondant / Similaire),True,ParkCount,Car park,2026-03-11 05:30:00,User_015
TIC-1796,Digital tissue slide rendering engine misaligns the optical stitching.,"Hello team, the software combines the images incorrectly. This digital distortion completely destroys the pathologist's ability to diagnose cancer.",Bug,Critical,0,Fermé (Redondant / Similaire),True,PathoRender,Pathology,2026-03-11 10:30:00,User_023
TIC-1797,Pathology voice dictation application deletes numerical data upon saving.,"Greetings, the transcription software removes all digital tumor measurements automatically. This glitch ruins the accuracy of the final reports.",Software,High,0,Fermé (Redondant / Similaire),True,DictateBug,Pathology,2026-03-11 10:45:00,User_042
TIC-1798,Autopsy report secure web portal fails SSL certificate validation.,"Hi IT, the browser blocks access due to expired digital certificates. We cannot securely upload the sensitive medical findings.",Security,High,0,Fermé (Redondant / Similaire),True,AutoSSL,Pathology,2026-03-11 11:00:00,User_015
TIC-0445,Neurology department shared drive containing sensitive research data is suddenly publicly accessible.,Anyone on the guest wifi can see our unblinded clinical trial data. This is an absolute disaster for our research integrity. Lock down the folder permissions immediately.,Security,Critical,0,Fermé (Redondant / Similaire),True,WinShare,Neurology,2026-02-23 22:00:00,User_004
TIC-1749,Neurology department shared network folder exposes sensitive clinical trials.,"Good morning, the directory permissions were accidentally set to public. Protect this highly confidential digital research data immediately please.",Security,Critical,0,Fermé (Redondant / Similaire),True,NeuroShare,Neurology,2026-03-10 22:45:00,User_031
TIC-1750,Clinical research coordinator account expired without digital warning email.,"Dear team, she cannot access the secure database. The active directory system failed to notify her of the expiration.",Access,High,0,Fermé (Redondant / Similaire),True,TrialExp,Neurology,2026-03-10 23:00:00,User_004
TIC-1047,Radiation linear accelerator console displays a fatal interlock error.,"The system falsely detects that the heavy vault door is open, preventing us from initiating any cancer treatments.",Error,Critical,0,Fermé (Redondant / Similaire),True,LinacDoor,Oncology,2026-03-02 04:30:00,User_023
TIC-1053,Pediatric ward interactive playroom display shattered by a toy.,The broken glass is a massive physical safety hazard for the children. Please remove the television monitor immediately.,Support,Low,0,Fermé (Redondant / Similaire),True,PlayTV,Pediatrics,2026-03-02 06:00:00,User_093
TIC-1751,Radiation therapy dosage planning software reverses digital organ models.,"Hello IT, the rendering engine flips the patient anatomy completely. This software glitch prevents accurate digital targeting of tumors.",Bug,Critical,0,Fermé (Redondant / Similaire),True,RadModel,Oncology,2026-03-10 23:15:00,User_062
TIC-1752,Chemotherapy scheduling calendar application deletes recurring digital patient appointments.,"Greetings, the database purges the future sessions entirely. We are losing the complex digital treatment timelines for our patients.",Software,High,0,Fermé (Redondant / Similaire),True,ChemoAppt,Oncology,2026-03-10 23:30:00,User_023
